TIME	WIND_SPEED	WIND_DIR	AIR_TEMP	REL_HUM	SOLAR_RAD	LW_RAD_IN	ATM_PRESS	RAIN	SNOW
2016001	6.235	146.267	-9.048	0.876	0.0	197.669	984.415	0.0	0.0
2016002	4.935	122.096	-7.243	0.875	0.0	217.852	983.549	0.0	0.0
2016003	3.232	116.075	-10.439	0.921	0.0	202.059	996.436	0.0	0.0
2016004	5.407	352.122	-11.471	0.879	0.0	213.083	994.996	0.0	0.0
2016005	3.692	135.989	-12.285	0.889	0.0	196.649	984.336	0.0	0.0
2016006	2.054	143.508	-11.762	0.886	0.0	220.645	993.096	0.0	0.001
2016007	2.038	246.646	-11.206	0.818	0.0	256.958	992.347	0.0	0.001
2016008	6.375	159.391	-15.883	0.778	0.0	236.293	991.938	0.0	0.0018
2016009	5.473	163.016	-20.947	0.688	0.0	209.607	996.522	0.0	0.0026
2016010	2.002	1.844	-25.334	0.769	0.0	148.201	991.958	0.0	0.0026
2016011	2.941	132.364	-21.726	0.724	0.0	215.716	984.366	0.0	0.005
2016012	3.707	114.708	-20.788	0.764	0.0	194.994	988.803	0.0	0.005
2016013	0.88	39.686	-20.89	0.798	0.0	183.297	982.234	0.0	0.005
2016014	1.349	2.105	-22.918	0.819	0.0	189.252	977.352	0.0	0.005
2016015	3.179	138.969	-25.277	0.792	0.0	149.678	985.797	0.0	0.005
2016016	5.905	162.492	-21.987	0.691	0.0	209.67	990.186	0.0	0.0058000000000000005
2016017	2.174	103.699	-23.044	0.752	0.0	207.922	994.706	0.0	0.006600000000000001
2016018	2.885	96.407	-23.403	0.795	0.0	192.207	999.296	0.0	0.007400000000000001
2016019	3.991	338.116	-22.658	0.788	0.0	168.111	999.371	0.0	0.007400000000000001
2016020	2.537	338.687	-15.056	0.835	0.0	248.232	989.213	0.0	0.016200000000000003
2016021	2.871	137.391	-15.452	0.844	0.0	225.762	1001.136	0.0	0.016200000000000003
2016022	5.038	4.527	-15.961	0.834	0.0	214.448	1000.527	0.0	0.016200000000000003
2016023	5.038	348.029	-6.05	0.904	0.0	290.037	976.267	0.0	0.029200000000000004
2016024	2.229	237.231	-9.54	0.879	0.0	257.155	986.709	0.0	0.029700000000000004
2016025	2.887	130.171	-7.092	0.911	0.0	275.259	983.755	0.0	0.032200000000000006
2016026	4.338	144.915	-9.83	0.855	0.0	258.975	990.735	0.0	0.03320000000000001
2016027	4.866	347.39	-5.485	0.915	0.0	290.263	968.629	0.0	0.05820000000000001
2016028	2.375	183.685	-17.378	0.805	0.0	168.274	988.03	0.0	0.05820000000000001
2016029	8.212	350.043	-5.921	0.871	0.0	285.94	966.539	0.0	0.059800000000000006
2016030	5.642	119.734	-1.437	0.915	0.0	297.765	960.118	0.0	0.062000000000000006
2016031	2.76	139.037	-15.935	0.843	0.0	206.327	976.219	0.0	0.062000000000000006
2016032	1.743	148.682	-11.926	0.841	0.0	256.142	986.629	0.0	0.063
2016033	0.896	322.918	-22.375	0.862	0.0	169.234	996.173	0.0	0.063
2016034	2.99	334.085	-17.299	0.818	0.0	204.237	989.472	0.0	0.0638
2016035	3.276	137.501	-13.682	0.843	0.0	222.608	990.232	0.0	0.0638
2016036	1.834	336.221	-14.234	0.87	0.0	237.13	994.685	0.0	0.06459999999999999
2016037	4.459	294.89	-12.168	0.832	0.0	266.371	984.509	0.0	0.0716
2016038	4.375	185.548	-6.971	0.866	0.0	277.817	973.101	0.0	0.07339999999999999
2016039	5.67	155.669	-17.173	0.783	0.0	172.783	996.087	0.0	0.07339999999999999
2016040	2.863	156.821	-23.926	0.792	0.0	147.179	999.661	0.0	0.07339999999999999
2016041	1.318	286.544	-22.759	0.726	0.0	194.563	995.28	0.0	0.07339999999999999
2016042	3.135	134.085	-21.537	0.805	0.0	184.981	996.753	0.0	0.07339999999999999
2016043	4.505	154.09	-26.741	0.717	0.0	153.993	1007.201	0.0	0.07339999999999999
2016044	3.37	341.194	-28.776	0.782	0.0	140.64	1006.098	0.0	0.07339999999999999
2016045	7.113	357.674	-13.115	0.822	0.0	255.603	981.73	0.0	0.1038
2016046	3.251	122.625	-8.939	0.905	0.0	270.126	973.36	0.0	0.1043
2016047	2.827	133.829	-22.944	0.804	0.0	149.86	989.216	0.0	0.1043
2016048	4.44	351.347	-17.527	0.803	0.0	220.811	990.721	0.0	0.1051
2016049	4.755	341.523	-4.939	0.927	0.0	280.742	981.358	0.0	0.1053
2016050	2.268	253.596	-3.314	0.953	0.0	283.332	965.35	0.0	0.1053
2016051	7.736	147.949	-11.268	0.779	0.0	191.185	983.764	0.0	0.1053
2016052	1.058	51.722	-24.822	0.831	0.0	150.884	999.948	0.0	0.1053
2016053	3.457	330.735	-11.538	0.845	0.0	261.97	989.148	0.0	0.1073
2016054	1.513	136.075	-10.183	0.9	0.0	261.295	989.039	0.0	0.10880000000000001
2016055	2.727	337.415	-9.012	0.885	0.0	277.511	990.768	0.0	0.10930000000000001
2016056	3.21	128.042	-14.646	0.9	0.0	174.741	998.81	0.0	0.10930000000000001
2016057	2.932	46.949	-10.413	0.905	0.0	208.048	982.964	0.0	0.10930000000000001
2016058	5.644	196.886	-5.755	0.749	0.0	275.72	977.915	0.0	0.10930000000000001
2016059	1.497	152.119	-14.302	0.726	0.0	228.158	982.733	0.0	0.10930000000000001
2016060	5.312	138.907	-25.095	0.685	0.0	141.609	992.945	0.0	0.10930000000000001
2016061	2.988	89.988	-22.833	0.768	0.0	150.219	993.723	0.0	0.10930000000000001
2016062	1.044	235.476	-26.578	0.769	0.0	150.54	990.822	0.0	0.10930000000000001
2016063	1.9	114.828	-27.665	0.822	0.0	148.818	994.993	0.0	0.10930000000000001
2016064	2.993	302.512	-13.999	0.787	0.0	226.907	987.129	0.0	0.10930000000000001
2016065	3.198	332.829	-9.474	0.909	0.0	228.708	990.988	0.0	0.10980000000000001
2016066	2.441	334.458	-4.895	0.953	0.0	269.434	970.601	0.0	0.11000000000000001
2016067	3.901	247.976	-6.665	0.919	0.0	231.462	982.434	0.0	0.11000000000000001
2016068	1.575	192.311	-0.732	0.979	0.0	311.864	976.688	0.0	0.11740000000000002
2016069	1.403	119.558	-17.151	0.872	3.5	192.033	988.159	0.0	0.11740000000000002
2016070	1.986	331.131	-10.948	0.915	6.25	225.249	991.383	0.0	0.11790000000000002
2016071	6.555	6.653	2.041	0.965	4.5	327.813	978.842	0.0	0.10087595972307373
2016072	1.502	118.949	-7.367	0.926	14.0	226.404	988.516	0.0	0.10087595972307373
2016073	5.774	335.197	1.205	0.942	18.75	262.982	975.603	0.0	0.09137639471248812
2016074	3.989	21.966	-2.981	0.736	22.5	219.19	972.071	0.0	0.09137639471248812
2016075	5.85	260.177	1.253	0.821	24.5	278.509	975.051	0.0	0.08144380942250412
2016076	1.251	124.858	-0.675	0.978	14.25	311.359	979.384	0.0	0.08304380942250413
2016077	3.815	229.865	-7.686	0.753	32.0	214.794	987.704	0.0	0.08304380942250413
2016078	2.87	259.99	-11.287	0.817	41.0	189.736	998.515	0.0	0.08304380942250413
2016079	1.656	113.671	-11.584	0.905	40.25	213.048	999.816	0.0	0.08304380942250413
2016080	2.686	160.699	-11.202	0.912	50.75	190.679	1000.026	0.0	0.08304380942250413
2016081	1.835	233.798	-9.258	0.674	44.5	244.273	993.319	0.0	0.08304380942250413
2016082	2.309	221.334	-10.057	0.597	51.25	235.519	989.114	0.0	0.08304380942250413
2016083	1.365	112.281	-16.981	0.813	59.0	189.528	997.5	0.0	0.08304380942250413
2016084	3.513	8.592	-4.17	0.755	31.5	287.964	985.181	0.0	0.08604380942250413
2016085	3.971	172.671	-11.295	0.885	75.0	189.108	985.915	0.0	0.08604380942250413
2016086	0.898	53.538	-19.17	0.867	84.5	175.144	995.959	0.0	0.08604380942250413
2016087	2.443	334.629	-2.934	0.917	55.75	293.085	986.328	0.0	0.08644380942250413
2016088	1.183	144.412	-9.457	0.908	95.25	206.982	993.237	0.0	0.08644380942250413
2016089	1.824	349.356	-6.051	0.876	73.25	249.174	991.105	0.0	0.08644380942250413
2016090	1.922	132.775	-8.607	0.903	105.25	214.607	982.066	0.0	0.08644380942250413
2016091	2.589	142.451	-3.607	0.829	83.75	251.197	979.437	0.0	0.08644380942250413
2016092	2.882	118.607	-15.361	0.724	123.75	164.314	989.43	0.0	0.08644380942250413
2016093	2.475	138.665	-15.654	0.759	127.5	168.778	989.178	0.0	0.08644380942250413
2016094	3.45	241.109	-8.471	0.739	62.75	261.422	984.417	0.0	0.09094380942250413
2016095	0.923	142.537	-16.342	0.698	140.75	170.547	999.858	0.0	0.09094380942250413
2016096	3.163	311.125	-5.77	0.621	74.75	276.694	991.18	0.0	0.09154380942250413
2016097	2.835	236.03	-7.654	0.844	142.25	219.143	987.202	0.0	0.09154380942250413
2016098	6.068	143.993	-2.729	0.923	101.75	270.071	984.298	0.0	0.09214380942250414
2016099	3.127	153.07	-12.135	0.776	164.0	175.052	997.458	0.0	0.09264380942250414
2016100	4.742	336.695	-9.985	0.671	143.75	253.25	989.277	0.0	0.09264380942250414
2016101	3.631	207.552	-3.26	0.872	94.0	287.718	972.418	0.0	0.09564380942250414
2016102	4.535	157.903	-12.606	0.784	184.0	176.216	993.066	0.0	0.09564380942250414
2016103	4.407	340.714	-8.283	0.731	133.25	251.811	994.411	0.0	0.09564380942250414
2016104	4.245	349.505	-3.595	0.776	174.0	238.003	991.051	0.0	0.09584380942250414
2016105	5.608	335.333	4.018	0.852	57.25	333.799	982.72	0.0	0.06454891929709333
2016106	4.453	215.854	3.1	0.943	51.75	327.949	985.645	0.0	0.04244707403630532
2016107	4.585	215.153	-0.304	0.891	116.75	277.39	999.502	0.0	0.04244707403630532
2016108	4.373	240.034	0.674	0.94	106.75	303.425	1005.409	0.0	0.03767206268987772
2016109	0.993	218.774	-0.408	0.853	215.5	229.254	1007.454	0.0	0.03767206268987772
2016110	3.115	336.78	3.647	0.696	217.5	249.56	1000.775	0.0	0.014482653732847309
2016111	4.085	9.451	7.168	0.924	200.5	285.098	985.553	0.0	0.0
2016112	5.047	205.117	-3.274	0.609	233.0	205.657	996.259	0.0	0.0
2016113	2.466	150.786	-3.427	0.652	214.75	215.061	997.639	0.0	0.0
2016114	3.246	235.851	-0.151	0.539	121.0	283.274	995.348	0.0	0.0
2016115	4.427	250.474	-2.436	0.54	252.0	203.968	995.079	0.0	0.0
2016116	4.876	250.171	-0.733	0.55	244.0	217.816	991.814	0.0	0.0
2016117	3.261	273.537	0.112	0.551	250.25	225.401	994.52	0.0	0.0
2016118	2.563	259.761	1.434	0.601	232.75	243.338	997.776	0.0	0.0
2016119	2.447	248.074	1.074	0.575	213.25	246.832	999.51	0.0	0.0
2016120	2.653	221.64	1.783	0.702	269.25	234.117	999.921	0.0	0.0
2016121	1.616	256.484	3.185	0.664	261.5	250.207	1002.917	0.0	0.0
2016122	1.957	123.571	6.604	0.789	270.25	258.988	999.931	0.0	0.0
2016123	1.18	354.18	8.267	0.702	272.25	268.705	990.492	0.0	0.0
2016124	4.386	162.114	7.844	0.637	281.75	252.503	986.693	0.0	0.0
2016125	3.072	318.385	5.854	0.614	283.5	250.448	991.887	0.0	0.0
2016126	2.445	343.121	11.793	0.651	283.0	294.842	977.264	0.0	0.0
2016127	5.729	148.495	9.721	0.657	194.0	304.826	981.276	0.0	0.0
2016128	2.582	91.949	8.419	0.599	299.0	252.957	987.98	0.0	0.0
2016129	3.693	310.982	7.266	0.639	151.0	312.564	984.476	0.0	0.0
2016130	4.639	344.774	11.554	0.559	297.0	285.048	980.938	0.0	0.0
2016131	3.258	311.071	11.239	0.543	177.75	308.111	987.813	0.0	0.0
2016132	2.465	317.269	8.877	0.947	46.75	355.747	987.341	0.00057	0.0
2016133	2.912	143.314	7.861	0.997	44.75	354.465	980.329	0.00096	0.0
2016134	7.699	182.448	-1.654	0.801	93.5	288.782	992.512	7e-05	0.0
2016135	2.44	145.395	1.552	0.677	193.75	277.938	995.262	0.0	0.0
2016136	3.505	131.115	5.33	0.887	139.0	326.666	985.604	0.00026	0.0
2016137	1.499	112.633	5.527	0.905	327.0	248.824	992.214	0.0	0.0
2016138	2.67	346.176	8.568	0.683	322.5	272.482	998.876	0.0	0.0
2016139	4.166	345.829	9.564	0.687	309.75	276.224	992.143	0.0	0.0
2016140	5.009	342.628	11.237	0.567	325.25	281.005	985.299	0.0	0.0
2016141	3.068	338.432	11.577	0.615	329.25	289.648	988.558	0.0	0.0
2016142	1.622	342.147	11.193	0.706	331.25	293.971	993.856	0.0	0.0
2016143	5.962	349.015	12.582	0.609	320.25	302.194	981.125	0.0	0.0
2016144	3.878	86.804	12.326	0.959	101.5	370.73	971.522	0.00045	0.0
2016145	3.177	256.764	10.676	0.873	336.0	290.828	982.841	3e-05	0.0
2016146	1.616	294.999	11.093	0.93	118.0	354.655	987.169	0.0	0.0
2016147	2.806	206.391	11.187	0.969	142.0	348.956	981.356	0.0	0.0
2016148	4.255	203.022	10.43	0.99	59.25	363.718	983.621	7e-05	0.0
2016149	3.295	223.977	9.387	0.892	122.25	359.817	988.15	1e-05	0.0
2016150	1.665	190.297	9.331	0.975	215.5	331.155	985.89	0.0	0.0
2016151	0.885	133.221	7.793	0.993	131.5	353.147	986.823	4e-05	0.0
2016152	6.607	265.86	10.303	0.646	234.25	294.339	988.047	0.0	0.0
2016153	5.546	228.889	9.774	0.944	108.5	354.716	982.468	2e-05	0.0
2016154	1.546	226.435	10.155	0.817	328.0	289.17	987.993	0.0	0.0
2016155	3.982	311.677	12.362	0.766	216.25	332.811	985.834	0.0	0.0
2016156	1.34	212.504	13.59	0.869	63.75	370.23	987.814	3e-05	0.0
2016157	5.008	136.567	14.67	0.828	350.5	304.023	978.771	0.0	0.0
2016158	5.385	193.205	11.948	0.847	356.0	284.235	986.691	0.0	0.0
2016159	2.358	256.914	9.202	0.703	362.25	263.2	991.012	0.0	0.0
2016160	5.001	343.359	12.896	0.675	300.0	308.518	986.39	0.0	0.0
2016161	3.053	304.934	15.507	0.903	152.5	380.229	982.109	4e-05	0.0
2016162	4.491	347.769	17.035	0.959	341.5	347.223	975.639	0.0	0.0
2016163	6.015	187.015	10.196	0.726	328.75	289.6	990.982	0.0	0.0
2016164	5.346	307.62	13.113	0.651	107.5	330.519	993.765	0.0	0.0
2016165	2.543	332.896	14.274	0.964	354.25	302.238	986.058	2e-05	0.0
2016166	2.916	322.956	16.416	0.8	353.0	316.825	984.871	0.0	0.0
2016167	1.257	274.014	16.029	0.828	283.75	341.356	983.043	0.0	0.0
2016168	2.947	311.755	15.524	0.897	341.25	326.205	988.198	0.0	0.0
2016169	2.237	87.995	16.592	0.885	249.25	341.155	987.285	2e-05	0.0
2016170	2.523	69.647	15.45	0.732	360.0	293.972	992.397	0.0	0.0
2016171	3.167	274.423	15.023	0.988	31.5	389.433	979.41	0.00033	0.0
2016172	7.25	120.818	12.853	0.736	339.5	288.427	985.554	0.0	0.0
2016173	2.464	142.318	13.85	0.813	356.75	286.549	987.928	0.0	0.0
2016174	0.898	321.119	14.34	0.804	343.0	304.206	985.526	0.0	0.0
2016175	1.172	62.088	15.54	0.777	350.0	310.835	988.296	0.0	0.0
2016176	3.019	341.83	17.019	0.778	326.5	327.639	984.532	0.0	0.0
2016177	5.209	292.76	17.194	0.975	161.25	382.117	975.182	0.00012	0.0
2016178	2.944	86.766	14.991	0.946	241.0	364.688	970.571	2e-05	0.0
2016179	1.557	176.317	11.744	0.743	327.0	277.922	996.965	0.0	0.0
2016180	3.159	12.476	15.461	0.77	345.0	309.311	994.218	0.0	0.0
2016181	0.927	267.929	15.079	0.915	196.25	365.329	987.926	0.0	0.0
2016182	4.085	191.555	10.879	0.8	348.25	275.26	996.522	0.0	0.0
2016183	2.707	62.441	15.205	0.644	352.0	281.663	994.745	0.0	0.0
2016184	1.425	330.676	16.546	0.728	346.25	297.341	991.694	0.0	0.0
2016185	2.955	312.622	18.017	0.69	332.0	327.584	987.069	0.0	0.0
2016186	2.771	325.882	17.596	0.925	324.0	346.199	973.966	2e-05	0.0
2016187	2.09	277.552	15.801	0.931	116.5	388.435	978.292	2e-05	0.0
2016188	3.646	134.336	15.3	0.9	125.5	379.125	981.837	4e-05	0.0
2016189	2.484	294.854	15.804	0.865	309.0	317.109	984.713	0.0	0.0
2016190	1.532	207.443	17.111	0.858	322.0	327.177	985.881	0.0	0.0
2016191	2.422	311.571	17.084	0.914	215.5	363.568	990.003	0.0	0.0
2016192	4.512	332.8	18.241	0.912	203.0	392.501	980.503	0.0	0.0
2016193	3.168	306.837	17.303	0.957	65.0	378.767	977.617	0.00018	0.0
2016194	4.002	50.363	17.252	0.969	270.0	357.242	963.635	0.0022	0.0
2016195	5.023	127.671	16.774	0.984	72.75	399.044	965.313	0.00014	0.0
2016196	4.161	179.714	14.391	0.785	205.0	322.467	987.063	0.0	0.0
2016197	2.018	115.53	16.008	0.871	311.0	309.285	991.154	0.0	0.0
2016198	3.316	33.758	16.123	0.824	309.5	314.159	985.906	0.0	0.0
2016199	5.44	166.26	17.29	0.825	247.5	338.059	978.534	0.0	0.0
2016200	1.951	155.442	15.557	0.653	310.75	293.39	993.509	0.0	0.0
2016201	3.453	354.554	18.086	0.853	287.75	341.875	990.175	0.0	0.0
2016202	3.72	352.813	19.436	0.97	286.25	362.573	981.761	0.0	0.0
2016203	3.562	63.896	19.097	0.77	291.75	340.283	980.678	0.0	0.0
2016204	3.126	85.609	19.106	0.793	288.0	340.857	985.135	0.0	0.0
2016205	3.722	311.144	18.998	0.776	169.75	364.148	984.263	0.0	0.0
2016206	8.06	137.062	16.315	0.915	80.25	389.533	978.648	0.0	0.0
2016207	2.263	36.955	17.624	0.848	280.75	333.838	985.442	0.0	0.0
2016208	2.24	138.453	17.179	0.84	251.5	324.769	989.439	0.0	0.0
2016209	1.992	237.691	15.466	0.788	279.75	309.281	994.47	0.0	0.0
2016210	1.597	33.564	16.501	0.801	277.5	310.757	994.477	0.0	0.0
2016211	3.05	10.564	17.119	0.803	242.0	338.826	990.271	0.0	0.0
2016212	3.29	339.028	17.959	0.804	254.0	336.731	986.378	0.0	0.0
2016213	4.473	348.383	19.47	0.793	241.5	347.813	983.645	0.0	0.0
2016214	3.042	13.804	18.699	0.975	99.0	406.63	982.403	0.0	0.0
2016215	4.396	56.1	17.812	0.763	260.25	322.107	983.944	0.0	0.0
2016216	2.785	42.25	18.631	0.768	257.5	328.66	985.183	0.0	0.0
2016217	4.806	177.067	16.716	0.963	77.25	396.243	971.244	0.00201	0.0
2016218	4.641	137.653	16.214	0.9	55.5	386.636	986.923	0.00025	0.0
2016219	3.237	131.574	16.652	0.885	251.0	308.635	991.592	0.0	0.0
2016220	1.503	347.554	16.349	0.853	248.25	307.83	990.816	1e-05	0.0
2016221	4.272	6.669	19.274	0.814	209.0	353.019	983.33	0.0	0.0
2016222	6.11	178.899	13.764	0.864	204.0	312.991	981.768	0.0	0.0
2016223	2.793	300.011	13.772	0.685	241.75	291.387	990.436	0.0	0.0
2016224	5.845	278.891	14.26	0.88	33.75	380.397	984.056	9e-05	0.0
2016225	1.954	109.423	16.853	0.987	74.75	396.301	981.913	1e-05	0.0
2016226	4.158	100.058	14.977	0.934	59.0	384.101	983.979	9e-05	0.0
2016227	1.629	81.35	15.959	0.859	217.5	319.029	986.882	0.0	0.0
2016228	1.098	230.98	16.47	0.978	205.75	333.439	987.127	0.0	0.0
2016229	2.072	124.701	17.043	0.955	185.25	349.372	986.682	0.0	0.0
2016230	1.69	332.527	16.57	0.933	206.0	327.542	988.354	0.0	0.0
2016231	1.611	72.14	17.345	0.95	199.25	335.365	983.757	0.0	0.0
2016232	4.519	121.552	16.291	0.859	161.75	347.667	985.058	0.0	0.0
2016233	2.132	192.489	13.454	0.855	202.25	291.65	986.128	0.0	0.0
2016234	4.311	62.561	13.989	0.751	197.25	294.045	982.853	0.0	0.0
2016235	3.594	264.785	15.981	0.867	188.0	328.384	978.074	0.0	0.0
2016236	5.376	283.502	18.622	0.87	130.0	358.057	978.263	0.0	0.0
2016237	1.411	38.624	17.371	0.99	131.25	377.041	978.522	0.0	0.0
2016238	3.728	189.175	14.405	0.816	79.75	353.008	986.94	2e-05	0.0
2016239	2.267	8.687	15.542	0.772	174.75	313.906	987.713	0.0	0.0
2016240	4.592	3.944	15.626	0.749	171.0	310.509	984.434	0.0	0.0
2016241	4.741	340.622	16.417	0.871	161.25	315.039	987.74	1e-05	0.0
2016242	5.722	131.316	15.906	0.834	165.0	308.028	991.034	0.0	0.0
2016243	4.67	122.904	15.171	0.797	163.0	295.14	995.3	0.0	0.0
2016244	2.835	233.508	12.498	0.9	155.5	297.948	999.852	0.0	0.0
2016245	4.474	325.067	12.908	0.84	155.0	292.951	998.183	0.0	0.0
2016246	6.584	354.64	15.965	0.777	149.0	324.042	988.416	0.0	0.0
2016247	6.911	353.95	16.972	0.741	142.75	342.724	979.741	0.0	0.0
2016248	2.433	357.08	15.406	0.786	143.75	307.088	983.191	0.0	0.0
2016249	2.868	178.781	13.17	0.849	120.5	309.938	984.726	0.0	0.0
2016250	4.124	116.598	12.479	0.923	44.75	368.326	985.699	1e-05	0.0
2016251	2.213	298.434	10.823	0.929	130.25	288.467	991.083	0.0	0.0
2016252	2.797	30.535	11.831	0.961	98.75	332.476	977.05	1e-05	0.0
2016253	5.521	144.979	12.256	0.893	35.75	363.218	981.425	7e-05	0.0
2016254	3.815	120.73	12.03	0.887	115.0	294.795	988.209	0.0003	0.0
2016255	4.132	16.069	12.976	0.81	100.0	306.85	977.479	0.0	0.0
2016256	4.786	125.717	11.941	0.936	54.25	365.294	983.939	2e-05	0.0
2016257	0.821	134.015	7.841	0.807	100.25	270.951	995.656	3e-05	0.0
2016258	6.262	34.921	8.534	0.78	106.5	261.664	991.408	0.0	0.0
2016259	4.844	12.384	11.281	0.836	99.5	290.996	987.192	0.0	0.0
2016260	4.678	206.005	11.356	0.828	66.5	317.866	986.033	0.0	0.0
2016261	1.375	222.737	11.547	0.874	92.75	291.983	984.033	0.0	0.0
2016262	5.087	351.729	13.561	0.844	44.25	348.255	972.179	0.0	0.0
2016263	6.506	76.419	12.476	0.886	73.25	319.236	972.616	2e-05	0.0
2016264	6.091	103.71	11.052	0.862	74.75	289.859	985.873	0.0	0.0
2016265	0.88	187.015	9.348	0.798	78.25	271.917	995.91	0.0	0.0
2016266	1.09	124.225	9.246	0.883	74.75	271.238	997.691	1e-05	0.0
2016267	4.052	292.875	8.961	0.774	70.0	267.5	999.709	0.0	0.0
2016268	5.319	306.666	11.39	0.963	11.25	369.016	988.851	0.0003	0.0
2016269	5.731	140.205	12.564	0.972	12.75	374.607	977.277	0.00081	0.0
2016270	9.873	153.801	11.116	0.894	13.5	355.832	982.626	5e-05	0.0
2016271	6.9	176.001	7.492	0.873	56.5	258.004	986.107	0.0	0.0
2016272	1.662	2.468	7.8	0.917	50.5	283.125	996.945	0.0	0.0
2016273	3.135	333.855	9.997	0.945	33.25	320.012	1004.638	0.0	0.0
2016274	5.399	343.627	11.754	0.871	43.5	288.656	999.288	0.0	0.0
2016275	4.309	340.251	10.603	0.825	27.25	325.606	993.674	0.0	0.0
2016276	4.072	292.381	10.496	0.858	33.75	313.552	990.71	0.0	0.0
2016277	2.874	337.433	10.55	0.936	27.0	342.45	984.319	0.0	0.0
2016278	4.491	281.608	11.555	0.921	13.25	339.163	977.62	0.0	0.0
2016279	2.827	326.98	11.333	1.0	6.0	379.279	970.468	0.00049	0.0
2016280	5.462	37.309	3.592	0.836	8.75	318.917	977.286	4e-05	0.0
2016281	2.312	163.777	5.481	0.971	7.25	338.153	985.851	0.00081	0.0
2016282	4.669	188.816	1.595	0.891	17.5	281.587	996.193	0.0	0.0
2016283	3.171	345.361	2.422	0.849	12.75	300.543	998.427	7e-05	0.0
2016284	6.423	102.755	2.981	0.866	11.5	288.135	984.569	0.0	0.0
2016285	5.147	204.023	0.648	0.899	7.25	286.12	994.269	0.0	0.0
2016286	5.536	114.174	1.917	0.848	10.0	223.592	992.476	0.0	0.0
2016287	3.406	200.858	1.236	0.864	5.0	268.106	990.43	2e-05	0.0
2016288	4.618	300.115	2.419	0.903	1.75	319.301	979.729	9e-05	0.0
2016289	5.212	68.979	6.711	0.9	2.0	256.573	967.038	0.0	0.0
2016290	4.855	288.768	-1.097	0.856	0.0	233.089	986.432	0.0	0.0
2016291	4.014	14.851	8.488	0.972	0.0	353.455	965.11	0.00012	0.0
2016292	5.283	88.363	2.168	0.896	0.0	238.165	975.258	0.0	0.0
2016293	6.719	105.794	2.672	0.909	0.0	315.819	986.157	9e-05	0.0
2016294	1.027	251.684	1.721	0.877	0.0	286.476	999.245	0.0	0.0
2016295	7.713	336.631	2.996	0.894	0.0	242.957	987.792	0.0	0.0
2016296	3.392	120.869	4.085	0.962	0.0	252.199	985.693	0.0	0.0
2016297	2.063	175.207	4.107	0.935	0.0	290.381	991.313	0.0	0.0
2016298	1.295	63.304	3.006	0.943	0.0	251.291	1001.121	0.0	0.0
2016299	4.5	298.546	1.369	0.93	0.0	248.907	1002.494	0.0	0.0
2016300	5.722	321.602	3.492	0.937	0.0	314.99	994.509	0.0008	0.0
2016301	3.141	88.791	5.17	0.954	0.0	321.687	988.364	0.0	0.0
2016302	5.061	255.936	5.742	0.976	0.0	340.261	976.945	0.00175	0.0
2016303	2.85	210.397	1.812	0.863	0.0	310.097	992.704	2e-05	0.0
2016304	3.338	66.565	3.322	0.942	0.0	292.428	992.151	0.0	0.0
2016305	4.463	346.581	0.616	0.967	0.0	274.9	975.705	0.0	0.0
2016306	3.748	123.217	-0.382	0.972	0.0	308.17	979.243	1e-05	0.0
2016307	5.146	142.215	-3.052	0.869	0.0	214.242	992.426	0.0	0.0
2016308	2.412	302.454	-4.346	0.892	0.0	221.615	998.546	0.0	0.0
2016309	1.112	68.717	-0.077	0.981	0.0	247.965	992.897	0.0	0.0
2016310	3.191	327.287	1.148	0.984	0.0	249.071	992.24	0.0	0.0
2016311	4.641	348.076	4.217	0.956	0.0	258.812	982.88	0.0	0.0
2016312	3.503	55.219	5.642	0.935	0.0	270.567	976.226	0.0	0.0
2016313	1.0	62.619	-2.216	0.973	0.0	235.734	1000.24	0.0	0.0
2016314	3.848	0.835	3.298	0.876	0.0	268.381	985.697	0.0	0.0
2016315	7.461	146.397	3.745	0.934	0.0	331.027	985.598	1e-05	0.0
2016316	1.287	347.004	-4.017	0.882	0.0	209.845	1005.638	0.0	0.0
2016317	3.617	38.672	2.478	0.774	0.0	257.818	981.325	0.0	0.0
2016318	2.854	12.903	1.934	0.971	0.0	283.596	970.005	0.0	0.0
2016319	3.324	345.029	1.759	0.96	0.0	321.328	985.785	2e-05	0.0
2016320	3.914	79.452	1.299	0.97	0.0	240.926	975.037	0.0	0.0
2016321	2.741	318.445	-0.478	0.852	0.0	278.3	977.346	0.0	0.0
2016322	5.217	150.792	-3.267	0.901	0.0	245.931	985.782	1e-05	0.0
2016323	3.182	187.144	-3.309	0.814	0.0	253.991	998.516	0.0	0.0
2016324	5.236	140.165	-5.421	0.828	0.0	277.248	1001.566	4e-05	0.0
2016325	3.57	312.482	-7.2	0.779	0.0	242.79	999.969	0.0	0.0
2016326	4.462	334.538	-3.886	0.78	0.0	217.511	995.041	0.0	0.0
2016327	6.179	341.077	-0.948	0.86	0.0	302.837	987.768	0.00041	0.0
2016328	2.673	158.57	-1.522	0.971	0.0	306.715	992.787	2e-05	0.0
2016329	2.428	238.231	-1.605	0.955	0.0	287.438	994.957	6e-05	0.0
2016330	0.995	287.979	-1.238	0.984	0.0	304.684	993.87	4e-05	0.0
2016331	4.125	331.878	-1.849	0.952	0.0	288.63	986.717	5e-05	0.0
2016332	3.03	305.222	-2.207	0.96	0.0	301.759	982.888	2e-05	0.0
2016333	4.366	255.794	-2.187	0.928	0.0	275.259	967.193	1e-05	0.0
2016334	4.71	216.647	0.156	0.959	0.0	311.294	968.745	0.00039	0.0
2016335	4.342	207.248	-2.983	0.874	0.0	285.414	982.004	2e-05	0.0
2016336	3.007	193.337	-7.448	0.913	0.0	233.743	988.252	0.0	0.0
2016337	1.411	180.303	-5.802	0.804	0.0	273.383	995.26	1e-05	0.0
2016338	3.674	329.695	-5.024	0.893	0.0	260.181	992.515	4e-05	0.0
2016339	4.956	328.757	-2.993	0.894	0.0	289.339	980.096	6e-05	0.0
2016340	1.74	204.658	-2.559	0.941	0.0	289.019	976.67	1e-05	0.0
2016341	6.268	201.479	-3.143	0.859	0.0	274.812	978.09	7e-05	0.0
2016342	7.179	168.316	-5.697	0.841	0.0	275.979	982.31	0.00026	0.0
2016343	7.519	149.394	-12.732	0.814	0.0	237.401	1003.869	1e-05	0.0
2016344	4.915	147.734	-18.695	0.712	0.0	215.704	1006.703	3e-05	0.0
2016345	1.798	100.401	-21.71	0.677	0.0	192.514	1004.147	2e-05	0.0
2016346	3.042	352.031	-22.837	0.729	0.0	183.835	995.033	1e-05	0.0
2016347	3.914	94.059	-19.262	0.764	0.0	187.775	980.99	0.0	0.0
2016348	3.888	83.205	-21.108	0.653	0.0	181.856	980.939	1e-05	0.0
2016349	9.513	137.848	-21.571	0.646	0.0	205.965	985.019	4e-05	0.0
2016350	3.246	63.554	-25.297	0.767	0.0	147.071	995.268	0.0	0.0
2016351	4.433	131.252	-21.547	0.646	0.0	179.395	991.126	0.0	0.0
2016352	4.398	132.652	-24.944	0.589	0.0	179.263	993.224	1e-05	0.0
2016353	2.35	0.908	-27.859	0.77	0.0	131.413	992.455	0.0	0.0
2016354	1.109	150.737	-15.205	0.835	0.0	241.968	978.938	1e-05	0.0
2016355	5.97	119.895	-5.523	0.907	0.0	284.258	970.54	4e-05	0.0
2016356	1.427	256.308	-17.232	0.846	0.0	204.809	980.305	0.0	0.0
2016357	4.001	46.996	-7.652	0.885	0.0	225.122	979.519	0.0	0.0
2016358	2.086	311.02	-8.522	0.882	0.0	256.718	975.346	0.0	0.0
2016359	3.42	182.175	-20.972	0.743	0.0	150.218	1001.334	0.0	0.0
2016360	4.166	277.605	-16.448	0.733	0.0	243.397	1005.768	2e-05	0.0
2016361	5.683	216.287	-11.386	0.805	0.0	265.046	977.215	0.00056	0.0
2016362	1.157	120.026	-22.299	0.835	0.0	170.654	989.723	0.0	0.0
2016363	4.3	9.982	-7.512	0.89	0.0	280.374	968.711	0.00017	0.0
2016364	8.445	150.27	-11.478	0.771	0.0	244.876	983.077	2e-05	0.0
2016365	1.663	314.419	-17.716	0.849	0.0	215.672	986.214	0.0	0.0
2016366	5.6	7.321	-16.76	0.819	0.0	243.122	972.155	0.0001	0.0
2017001	3.062	128.379	-18.939	0.783	0.0	162.964	984.918	1e-05	0.0
2017002	2.593	160.602	-20.939	0.76	0.0	171.523	1000.609	0.0	0.0
2017003	4.846	167.054	-21.257	0.734	0.0	212.253	999.317	1e-05	0.0
2017004	3.223	139.103	-21.604	0.722	0.0	206.219	993.872	2e-05	0.0
2017005	4.875	136.884	-20.553	0.732	0.0	201.129	990.767	1e-05	0.0
2017006	5.102	141.183	-16.215	0.782	0.0	227.257	988.702	2e-05	0.0
2017007	3.387	106.304	-20.39	0.791	0.0	161.114	1002.492	1e-05	0.0
2017008	5.873	4.751	-18.376	0.752	0.0	226.967	995.55	1e-05	0.0
2017009	1.033	95.906	-25.6	0.79	0.0	162.674	993.906	1e-05	0.0
2017010	2.865	160.649	-17.825	0.808	0.0	235.727	975.032	4e-05	0.0
2017011	5.271	129.246	-21.986	0.646	0.0	187.868	979.633	0.0	0.0
2017012	4.199	187.888	-21.217	0.753	0.0	217.946	977.913	0.00013	0.0
2017013	4.5	348.61	-28.369	0.744	0.0	135.823	1006.54	0.0	0.0
2017014	3.145	23.447	-20.706	0.778	0.0	174.196	999.05	0.0	0.0
2017015	3.955	16.31	-12.356	0.804	0.0	202.882	984.673	0.0	0.0
2017016	0.829	356.003	-13.855	0.924	0.0	209.896	988.836	0.0	0.0
2017017	5.259	352.235	-10.117	0.893	0.0	217.689	981.324	0.0	0.0
2017018	2.963	328.02	-3.097	0.905	0.0	266.938	974.507	0.0	0.0
2017019	4.104	351.466	-4.954	0.929	0.0	240.051	970.1	0.0	0.0
2017020	5.352	350.415	-2.38	0.946	0.0	274.297	971.71	1e-05	0.0
2017021	3.696	317.49	0.45	0.977	0.0	314.834	970.961	2e-05	0.0
2017022	0.731	271.836	-3.546	0.968	0.0	280.426	978.443	0.0	0.0
2017023	1.089	315.467	-0.735	0.987	0.0	310.754	978.785	5e-05	0.0
2017024	2.375	343.383	-2.467	0.956	0.0	300.365	980.45	5e-05	0.0
2017025	5.792	147.151	-6.782	0.894	0.0	280.545	986.579	4e-05	0.0
2017026	4.121	144.216	-11.356	0.834	0.0	251.167	987.514	2e-05	0.0
2017027	4.401	132.295	-9.493	0.91	0.0	200.599	981.069	0.0	0.0
2017028	2.839	146.046	-13.139	0.857	0.0	197.018	985.532	0.0	0.0
2017029	1.643	164.91	-21.185	0.808	0.0	156.978	990.101	0.0	0.0
2017030	2.729	301.909	-9.077	0.868	0.0	277.474	972.228	1e-05	0.0
2017031	6.167	150.379	-12.248	0.847	0.0	230.562	979.676	0.0	0.0
2017032	4.09	102.203	-21.529	0.75	0.0	143.49	991.38	0.0	0.0
2017033	6.803	127.658	-19.236	0.711	0.0	208.868	996.277	1e-05	0.0
2017034	3.656	96.442	-17.483	0.826	0.0	207.329	994.984	0.0	0.0
2017035	1.554	309.566	-13.319	0.858	0.0	242.715	984.748	1e-05	0.0
2017036	2.432	109.268	-24.081	0.789	0.0	148.694	991.243	0.0	0.0
2017037	2.048	147.46	-20.565	0.807	0.0	191.483	989.758	1e-05	0.0
2017038	2.944	172.625	-21.51	0.723	0.0	214.767	989.237	4e-05	0.0
2017039	3.009	71.51	-23.453	0.783	0.0	160.979	986.742	0.0	0.0
2017040	3.551	58.721	-21.415	0.779	0.0	166.887	987.291	1e-05	0.0
2017041	4.032	275.17	-11.482	0.856	0.0	263.218	967.546	0.00035	0.0
2017042	3.304	298.846	-17.616	0.818	0.0	184.681	983.716	0.0	0.0
2017043	4.777	111.503	-11.727	0.836	0.0	184.617	988.741	0.0	0.0
2017044	3.193	45.869	-7.785	0.92	0.0	222.796	979.094	0.0	0.0
2017045	8.192	152.666	-10.764	0.811	0.0	181.028	986.324	0.0	0.0
2017046	4.639	331.761	-10.191	0.798	0.0	270.08	986.421	0.0	0.0
2017047	6.139	353.083	-5.01	0.887	0.0	248.211	970.753	0.0	0.0
2017048	3.881	342.137	-2.493	0.977	0.0	259.254	963.129	0.0	0.0
2017049	4.676	91.706	-0.262	0.955	0.0	279.683	971.15	5e-05	0.0
2017050	0.947	232.169	-12.901	0.989	0.0	205.802	987.263	0.0	0.0
2017051	4.003	313.26	1.105	0.978	0.0	320.175	975.366	0.0	0.0
2017052	2.886	59.965	-2.188	0.94	0.0	262.842	977.016	1e-05	0.0
2017053	3.09	123.947	-6.799	0.928	0.0	249.919	980.844	1e-05	0.0
2017054	3.77	134.261	-18.283	0.767	0.0	164.157	991.181	0.0	0.0
2017055	1.865	125.376	-22.75	0.808	0.0	162.22	996.167	0.0	0.0
2017056	1.172	129.418	-22.221	0.835	0.0	177.644	985.928	2e-05	0.0
2017057	1.975	54.341	-19.547	0.79	0.0	189.491	979.377	1e-05	0.0
2017058	2.173	160.996	-13.341	0.83	0.0	230.318	983.908	1e-05	0.0
2017059	2.185	309.069	-23.608	0.808	0.0	154.132	989.727	0.0	0.0
2017060	1.277	10.367	-20.398	0.719	0.0	166.554	988.68	0.0	0.0
2017061	2.807	117.134	-27.911	0.754	0.0	131.011	1004.179	0.0	0.0
2017062	3.18	336.222	-23.673	0.777	0.0	157.276	1001.118	0.0	0.0
2017063	7.586	346.868	-8.148	0.849	0.0	211.332	988.977	0.0	0.0
2017064	2.533	333.726	-6.857	0.97	0.0	231.863	978.286	0.0	0.0
2017065	4.295	283.522	1.393	0.944	0.0	325.224	967.833	0.0	0.0
2017066	6.93	92.689	-10.594	0.801	0.0	261.19	951.757	0.00038	0.0
2017067	14.518	147.132	-17.563	0.698	0.0	224.488	975.958	7e-05	0.0
2017068	6.626	145.833	-26.243	0.67	0.0	124.986	1001.451	0.0	0.0
2017069	3.321	116.436	-29.177	0.682	4.0	121.881	1013.516	0.0	0.0
2017070	2.066	124.09	-28.438	0.727	8.0	149.347	1013.295	0.0	0.0
2017071	1.028	199.597	-25.553	0.763	10.25	167.024	1007.352	0.0	0.0
2017072	1.056	80.579	-27.131	0.809	15.0	147.368	1009.546	0.0	0.0
2017073	2.977	328.628	-21.849	0.823	19.25	156.689	1004.449	0.0	0.0
2017074	4.456	347.242	-13.686	0.825	21.75	196.111	995.812	0.0	0.0
2017075	5.756	337.136	-5.323	0.873	21.5	255.115	984.79	0.0	0.0
2017076	4.395	155.203	-0.682	0.982	13.75	309.285	979.934	0.00044	0.0
2017077	1.284	235.887	-18.082	0.797	36.0	180.714	1001.517	0.0	0.0
2017078	10.461	4.47	0.276	0.903	21.0	313.708	977.037	0.00066	0.0
2017079	3.739	90.396	-7.04	0.83	45.5	203.672	989.744	0.0	0.0
2017080	3.298	138.43	-20.63	0.763	53.75	147.082	1008.336	0.0	0.0
2017081	3.792	340.007	-12.441	0.706	39.5	235.097	1003.222	0.0	0.0
2017082	7.508	359.685	-3.525	0.863	58.5	231.59	979.645	0.0	0.0
2017083	3.231	214.514	-9.902	0.899	66.0	199.02	995.581	0.0	0.0
2017084	4.329	318.669	-3.641	0.823	48.5	274.729	993.551	0.0	0.0
2017085	1.708	129.978	-4.461	0.975	68.25	252.284	986.599	0.0	0.0
2017086	1.207	182.535	-9.27	0.871	79.5	223.487	990.289	0.0	0.0
2017087	1.553	211.273	-10.912	0.871	84.75	203.375	998.127	0.0	0.0
2017088	3.987	321.048	0.386	0.962	54.0	316.44	995.524	0.00067	0.0
2017089	3.057	347.999	-0.429	1.0	94.75	254.865	982.107	0.0	0.0
2017090	2.568	192.36	2.247	0.969	51.75	316.737	992.162	2e-05	0.0
2017091	1.425	82.667	-5.795	0.934	99.0	249.162	995.267	1e-05	0.0
2017092	7.093	346.932	4.143	0.901	60.25	304.55	974.752	1e-05	0.0
2017093	2.081	119.477	-1.465	0.911	120.75	232.625	980.363	0.0	0.0
2017094	2.437	148.671	-1.616	0.878	118.75	230.454	986.075	0.0	0.0
2017095	1.37	116.479	-4.335	0.833	133.5	214.192	993.635	0.0	0.0
2017096	0.736	343.295	-3.18	0.893	140.5	218.5	998.721	0.0	0.0
2017097	6.85	356.109	1.542	0.755	132.75	250.586	984.679	0.0	0.0
2017098	4.542	347.991	4.495	0.819	70.75	308.237	969.04	0.0	0.0
2017099	8.877	147.083	-5.605	0.827	111.0	248.985	979.938	1e-05	0.0
2017100	2.478	206.661	-8.388	0.679	169.25	184.975	1000.4	0.0	0.0
2017101	3.031	334.302	-2.911	0.663	165.0	211.75	995.51	0.0	0.0
2017102	1.094	306.127	-0.631	0.789	174.5	225.813	995.818	0.0	0.0
2017103	1.235	269.975	0.376	0.716	170.5	240.74	1000.196	0.0	0.0
2017104	4.002	283.747	4.288	0.737	113.25	290.854	989.172	0.0	0.0
2017105	4.757	112.11	3.267	0.975	90.0	330.806	979.935	0.0	0.0
2017106	4.638	261.802	-2.298	0.863	168.25	260.123	986.009	0.0	0.0
2017107	2.257	158.29	-2.321	0.787	171.75	257.802	998.277	0.0	0.0
2017108	0.962	216.705	0.002	0.85	106.25	280.174	988.872	0.0	0.0
2017109	3.889	303.645	-0.24	0.745	169.75	249.26	994.143	0.0	0.0
2017110	1.015	312.328	3.047	0.814	102.5	299.435	990.836	0.0	0.0
2017111	1.018	14.335	0.104	0.98	196.5	251.4	996.103	0.0	0.0
2017112	5.042	195.113	-2.024	0.824	138.0	265.969	997.947	0.0	0.0
2017113	0.903	220.637	-6.18	0.63	240.75	189.264	1000.168	0.0	0.0
2017114	3.286	271.422	-2.311	0.563	107.75	274.668	991.007	0.0	0.0
2017115	5.498	218.208	-4.549	0.685	245.25	206.948	989.755	0.0	0.0
2017116	4.508	234.473	-5.451	0.641	223.0	210.586	992.789	0.0	0.0
2017117	4.198	207.177	-3.206	0.563	155.25	255.306	984.055	0.0	0.0
2017118	4.469	168.649	-1.0	0.6	165.75	257.877	986.554	0.0	0.0
2017119	1.1	207.331	-1.919	0.747	266.5	219.045	998.897	0.0	0.0
2017120	2.078	320.064	2.286	0.783	268.75	240.972	992.099	0.0	0.0
2017121	3.23	300.939	8.519	0.554	229.25	278.12	983.416	0.0	0.0
2017122	3.15	270.386	6.303	0.628	135.75	310.769	984.314	0.0	0.0
2017123	1.52	143.288	6.775	0.745	190.5	274.634	988.004	0.0	0.0
2017124	2.331	268.573	5.935	0.622	218.75	308.533	991.807	0.0	0.0
2017125	2.927	186.746	9.981	0.655	275.75	278.184	985.913	0.0	0.0
2017126	4.426	274.715	4.687	0.717	273.75	245.316	994.024	0.0	0.0
2017127	5.2	302.191	5.534	0.472	107.25	317.909	993.816	0.0	0.0
2017128	4.577	307.956	7.902	0.473	118.75	327.985	989.365	0.0	0.0
2017129	3.149	72.475	7.352	0.885	176.75	325.851	984.639	0.0	0.0
2017130	3.13	164.181	3.646	0.704	307.5	232.175	985.941	0.0	0.0
2017131	3.397	136.484	4.855	0.784	271.25	255.103	993.049	0.0	0.0
2017132	2.688	183.066	4.273	0.744	310.75	240.944	993.195	0.0	0.0
2017133	2.884	259.957	4.711	0.817	237.75	272.718	990.168	0.0	0.0
2017134	4.372	271.448	7.269	0.678	108.75	330.42	986.334	2e-05	0.0
2017135	0.987	86.077	8.804	0.808	310.75	286.484	984.681	0.0	0.0
2017136	2.718	193.085	10.093	0.737	225.5	311.795	978.162	0.0	0.0
2017137	5.623	208.734	3.675	0.76	194.0	309.218	986.018	0.0	0.0
2017138	2.93	197.287	2.694	0.575	340.5	219.716	996.329	0.0	0.0
2017139	2.096	0.644	5.2	0.787	339.0	237.767	1001.698	0.0	0.0
2017140	1.546	297.79	8.575	0.66	213.25	294.791	997.178	0.0	0.0
2017141	1.888	204.996	9.872	0.608	147.25	330.936	989.846	0.0	0.0
2017142	4.578	197.425	7.247	0.948	60.75	339.599	984.99	0.00013	0.0
2017143	2.422	194.738	8.929	0.688	340.5	263.702	993.057	0.0	0.0
2017144	3.205	332.04	9.173	0.721	319.0	276.224	981.027	0.0	0.0
2017145	6.123	319.505	10.463	0.709	153.25	311.019	973.267	0.0	0.0
2017146	2.696	353.974	11.245	0.792	336.75	296.185	971.587	0.0	0.0
2017147	1.91	37.099	10.054	0.82	235.75	328.388	977.601	0.0	0.0
2017148	4.955	133.633	8.073	0.969	92.5	352.81	978.765	0.00017	0.0
2017149	6.429	144.965	6.244	0.929	86.0	340.029	982.743	0.00012	0.0
2017150	6.578	151.616	7.435	0.821	318.25	270.835	985.881	0.0	0.0
2017151	2.185	181.913	12.449	0.577	352.25	275.365	988.976	0.0	0.0
2017152	1.919	29.055	15.485	0.612	340.5	300.859	986.445	0.0	0.0
2017153	4.514	334.818	17.743	0.526	271.0	337.854	982.306	0.0	0.0
2017154	2.919	70.724	17.602	0.665	305.0	325.676	978.814	0.0	0.0
2017155	2.642	133.415	14.971	0.931	182.5	385.441	983.799	0.0	0.0
2017156	1.723	286.444	16.284	0.851	344.5	328.121	990.269	0.0	0.0
2017157	4.971	343.575	16.897	0.701	345.0	321.031	988.389	0.0	0.0
2017158	3.289	117.244	15.178	0.863	294.5	332.102	988.422	0.0	0.0
2017159	2.413	186.328	15.944	0.669	353.5	306.27	989.219	0.0	0.0
2017160	1.497	294.684	14.489	0.754	354.75	299.757	982.657	0.0	0.0
2017161	1.453	294.283	15.56	0.949	190.0	347.594	962.101	0.0008	0.0
2017162	2.33	315.777	11.407	0.851	352.75	293.454	976.819	0.0	0.0
2017163	4.424	123.242	13.176	0.793	364.0	279.318	985.229	0.0	0.0
2017164	3.92	277.965	13.42	0.609	357.5	280.742	989.803	0.0	0.0
2017165	6.166	280.924	14.061	0.962	37.5	381.64	972.302	0.00123	0.0
2017166	4.41	8.647	13.202	0.969	59.5	377.036	967.62	0.00022	0.0
2017167	5.612	109.516	11.467	0.946	49.0	365.365	972.968	0.00018	0.0
2017168	2.269	163.83	11.694	0.905	81.25	358.887	975.858	0.00011	0.0
2017169	3.387	203.055	11.549	0.933	67.25	360.625	981.46	4e-05	0.0
2017170	1.611	162.129	13.629	0.719	195.25	328.39	984.014	0.0	0.0
2017171	1.348	63.75	13.72	0.828	353.0	295.432	987.131	0.0	0.0
2017172	3.255	330.078	15.183	0.776	288.75	321.894	980.943	0.0	0.0
2017173	3.672	52.286	13.524	0.771	194.0	338.814	972.012	0.0	0.0
2017174	7.407	138.934	12.697	0.955	38.5	373.837	978.391	0.0002	0.0
2017175	5.868	224.708	10.747	0.848	107.75	349.119	988.203	0.00016	0.0
2017176	3.337	128.756	12.615	0.771	233.0	326.047	995.017	0.0	0.0
2017177	1.692	96.318	14.04	0.772	351.0	292.156	993.285	0.0	0.0
2017178	3.823	358.442	15.1	0.687	348.25	299.01	981.667	0.0	0.0
2017179	2.649	276.767	14.315	0.974	47.5	381.564	974.687	0.00026	0.0
2017180	2.004	143.466	13.803	0.966	259.75	342.754	982.253	1e-05	0.0
2017181	3.745	129.256	13.21	0.914	248.0	334.472	984.153	1e-05	0.0
2017182	2.956	122.182	14.832	0.822	343.25	300.845	984.244	0.0	0.0
2017183	2.483	208.545	14.624	0.832	338.5	306.742	991.441	0.0	0.0
2017184	1.687	320.181	17.333	0.821	221.25	363.378	990.608	0.0	0.0
2017185	5.385	348.244	18.959	0.762	301.5	351.034	982.292	0.0	0.0
2017186	2.727	73.597	17.239	0.775	339.75	307.375	986.135	0.0	0.0
2017187	3.822	142.458	17.491	0.828	332.5	319.648	985.849	0.0	0.0
2017188	0.894	115.777	16.693	0.897	290.75	325.912	992.425	0.0	0.0
2017189	3.503	120.88	17.344	0.796	327.0	320.241	986.497	0.0	0.0
2017190	1.104	149.615	16.487	0.879	325.75	315.939	985.448	4e-05	0.0
2017191	0.951	59.44	17.4	0.797	327.5	314.581	984.473	0.0	0.0
2017192	3.577	294.997	15.732	0.975	45.75	385.9	982.942	0.00558	0.0
2017193	4.337	235.892	13.338	0.669	324.5	296.278	990.766	0.0	0.0
2017194	1.329	15.393	16.46	0.766	327.25	299.072	995.614	0.0	0.0
2017195	4.381	20.867	16.646	0.824	302.5	319.745	990.117	0.0	0.0
2017196	4.043	187.668	16.504	0.889	278.0	333.136	993.66	1e-05	0.0
2017197	3.552	353.047	17.536	0.777	312.75	315.619	991.294	0.0	0.0
2017198	3.244	2.635	20.128	0.777	264.0	362.89	976.307	0.0	0.0
2017199	4.05	78.503	16.914	0.72	308.0	310.34	984.98	1e-05	0.0
2017200	2.153	325.402	16.441	0.796	202.25	343.794	988.908	0.0	0.0
2017201	3.258	62.765	16.93	0.761	303.75	307.587	986.882	0.0	0.0
2017202	3.689	248.367	16.38	0.702	270.25	328.231	985.235	0.0	0.0
2017203	4.434	258.843	16.237	0.946	72.5	390.237	980.626	0.00034	0.0
2017204	1.056	190.946	17.292	0.785	297.25	309.565	987.602	0.0	0.0
2017205	3.679	347.299	17.698	0.857	284.0	339.256	984.707	0.0	0.0
2017206	3.875	357.387	17.468	0.971	283.5	323.472	979.291	0.0	0.0
2017207	2.971	124.559	17.36	0.885	279.5	331.231	987.353	0.0	0.0
2017208	0.878	62.519	18.215	0.843	115.5	377.677	991.598	0.0	0.0
2017209	3.204	344.118	18.837	0.804	274.5	340.9	989.577	0.0	0.0
2017210	2.206	20.132	18.607	0.935	170.25	376.825	986.183	0.0	0.0
2017211	1.414	348.453	19.01	0.785	270.0	335.344	992.102	0.0	0.0
2017212	1.304	332.861	17.833	0.967	126.0	378.823	986.677	0.0	0.0
2017213	3.73	151.128	18.056	0.867	264.0	330.666	990.562	8e-05	0.0
2017214	3.031	230.83	14.694	0.643	213.25	306.279	996.838	0.0	0.0
2017215	3.764	71.851	16.067	0.637	228.5	322.023	995.146	0.0	0.0
2017216	0.909	144.507	16.808	0.865	255.5	319.951	988.607	0.0	0.0
2017217	2.628	232.423	15.731	0.787	257.25	303.975	989.489	0.0	0.0
2017218	0.975	82.57	16.735	0.756	235.75	313.206	991.09	0.0	0.0
2017219	3.141	68.351	18.129	0.747	243.25	324.417	990.042	0.0	0.0
2017220	1.679	238.915	15.717	0.81	197.5	310.614	992.898	0.0	0.0
2017221	1.801	225.695	16.893	0.683	176.25	328.297	990.186	0.0	0.0
2017222	0.965	205.284	16.735	0.749	239.5	307.859	993.526	0.0	0.0
2017223	0.956	23.801	17.21	0.764	234.5	317.373	993.299	0.0	0.0
2017224	0.889	42.21	17.435	0.824	229.5	323.582	992.293	0.0	0.0
2017225	0.761	72.283	18.262	0.771	219.25	331.098	987.447	5e-05	0.0
2017226	0.841	261.507	17.586	0.883	220.0	334.093	985.042	0.0	0.0
2017227	2.897	311.713	18.163	0.801	147.75	341.773	985.893	0.0	0.0
2017228	4.006	343.633	16.759	0.969	38.75	386.159	985.815	0.00134	0.0
2017229	2.556	351.713	17.014	0.935	207.25	323.461	983.742	0.0	0.0
2017230	2.926	136.586	18.03	0.732	207.25	327.562	981.574	0.0	0.0
2017231	2.099	336.97	17.75	0.733	192.25	333.8	979.914	0.0	0.0
2017232	5.805	109.117	17.027	0.652	206.25	300.874	981.916	0.0	0.0
2017233	4.68	68.129	16.242	0.732	64.0	367.185	986.447	9e-05	0.0
2017234	6.34	164.352	15.107	0.871	25.0	376.931	987.062	0.0001	0.0
2017235	3.085	288.62	12.553	0.812	90.5	336.043	992.622	0.0	0.0
2017236	3.639	291.188	12.604	0.665	195.0	278.59	994.821	2e-05	0.0
2017237	5.754	338.013	15.35	0.709	181.75	314.883	991.155	0.0	0.0
2017238	4.202	344.769	17.429	0.8	132.0	343.308	990.145	0.0	0.0
2017239	1.577	141.221	15.694	0.942	122.0	365.86	991.333	0.00011	0.0
2017240	2.755	2.751	18.06	0.659	158.0	333.783	988.438	0.0	0.0
2017241	3.148	192.249	18.62	0.747	113.25	365.923	987.141	0.0	0.0
2017242	3.423	236.05	13.06	0.766	168.25	286.825	996.838	0.0	0.0
2017243	4.156	324.302	14.17	0.716	151.0	310.669	993.471	0.0	0.0
2017244	7.101	0.153	16.261	0.793	135.0	362.673	982.245	0.0	0.0
2017245	3.495	98.949	13.217	0.826	154.5	296.008	983.24	0.0	0.0
2017246	1.343	102.43	14.679	0.801	89.75	346.085	980.683	0.0	0.0
2017247	7.276	146.572	12.505	0.816	87.25	330.887	983.589	0.0	0.0
2017248	6.922	169.674	10.529	0.71	144.0	273.009	992.438	0.0	0.0
2017249	2.727	95.333	10.751	0.912	130.25	290.573	993.572	0.0	0.0
2017250	4.535	260.079	10.92	0.746	136.25	289.946	986.176	0.0	0.0
2017251	4.381	3.01	12.136	0.856	131.25	287.515	996.708	0.0	0.0
2017252	6.758	3.765	13.15	0.759	128.25	291.321	993.578	0.0	0.0
2017253	6.85	354.044	15.529	0.897	121.25	320.461	986.161	0.0	0.0
2017254	5.078	81.986	14.394	0.639	121.5	287.366	987.253	0.0	0.0
2017255	3.195	341.457	14.879	0.717	114.75	307.409	980.117	0.0	0.0
2017256	3.813	217.703	13.179	0.712	110.5	293.728	983.615	0.0	0.0
2017257	3.614	222.514	10.553	0.896	74.25	332.573	984.915	0.0	0.0
2017258	4.015	204.466	9.823	0.797	101.0	277.495	992.93	0.0	0.0
2017259	6.995	223.014	8.035	0.853	31.0	333.612	992.456	1e-05	0.0
2017260	3.451	180.756	6.791	0.939	20.25	341.487	983.588	0.00016	0.0
2017261	2.456	97.323	7.876	0.826	90.5	266.836	987.188	0.0	0.0
2017262	4.616	292.527	10.565	0.912	84.0	314.241	983.379	0.0	0.0
2017263	5.527	55.0	12.591	0.93	38.0	364.874	966.599	0.00103	0.0
2017264	6.176	353.006	12.74	0.807	47.5	335.038	979.282	0.0	0.0
2017265	4.744	152.766	12.004	0.894	68.75	295.575	985.326	0.0	0.0
2017266	4.109	184.842	10.956	0.926	37.5	336.615	988.525	0.0	0.0
2017267	4.173	225.205	9.77	0.94	32.25	344.068	991.707	0.00018	0.0
2017268	4.835	192.298	7.298	0.888	42.5	332.524	992.977	0.0	0.0
2017269	3.043	262.552	6.217	0.888	63.0	259.858	994.235	0.0	0.0
2017270	4.826	25.484	6.856	0.951	57.5	275.083	988.863	0.0	0.0
2017271	4.444	180.839	9.359	0.916	52.25	280.939	992.812	0.0	0.0
2017272	1.8	284.102	6.069	0.926	51.25	260.775	1002.148	0.0	0.0
2017273	6.426	8.885	10.192	0.883	47.75	277.651	992.448	0.0	0.0
2017274	5.864	329.216	11.825	0.819	42.5	322.542	978.612	0.0	0.0
2017275	3.912	305.388	11.957	1.0	7.5	382.184	975.89	0.00017	0.0
2017276	1.238	309.117	5.638	0.931	33.25	277.127	987.405	0.0	0.0
2017277	5.056	75.245	5.086	0.9	33.5	276.551	991.731	0.0	0.0
2017278	2.508	154.752	3.582	0.858	33.0	238.237	993.396	0.0	0.0
2017279	4.856	34.796	5.433	0.788	28.75	258.842	984.099	0.0	0.0
2017280	6.873	1.391	8.683	0.825	20.75	290.527	959.292	0.0	0.0
2017281	5.392	68.605	6.467	0.815	23.0	257.673	966.081	0.0	0.0
2017282	6.885	119.993	3.792	0.727	8.75	305.831	987.219	0.0002	0.0
2017283	5.766	19.293	3.344	0.762	17.25	245.865	989.483	0.0	0.0
2017284	6.01	353.925	6.414	0.803	14.0	259.65	990.363	0.0	0.0
2017285	5.443	353.88	7.383	0.835	11.5	298.655	980.206	0.0	0.0
2017286	7.727	92.232	3.793	0.74	5.5	281.355	984.658	2e-05	0.0
2017287	3.181	90.425	2.129	0.725	6.0	273.649	994.551	0.0	0.0
2017288	5.204	20.127	2.133	0.798	4.0	250.846	986.501	0.0	0.0
2017289	6.37	2.754	5.318	0.805	2.0	313.195	981.943	0.0	0.0
2017290	3.77	336.888	5.89	0.842	0.0	328.796	981.429	0.0	0.0
2017291	10.208	73.508	9.267	0.663	0.0	266.477	964.449	0.0	0.0
2017292	2.992	96.541	4.659	0.747	0.0	249.9	981.618	2e-05	0.0
2017293	4.223	323.427	8.208	0.863	0.0	280.385	974.629	0.0	0.0
2017294	6.071	342.118	13.294	0.881	0.0	326.244	964.707	0.0	0.0
2017295	5.474	79.424	5.732	0.919	0.0	332.12	972.646	0.00023	0.0
2017296	6.309	150.96	4.714	0.777	0.0	315.574	981.372	0.00014	0.0
2017297	3.642	182.899	1.309	0.832	0.0	244.34	996.344	0.0	0.0
2017298	2.583	242.963	2.671	0.914	0.0	300.104	980.774	0.0	0.0
2017299	9.17	206.798	-1.194	0.869	0.0	278.365	989.115	1e-05	0.0
2017300	1.556	326.629	-4.864	0.768	0.0	202.549	997.847	0.0	0.0
2017301	2.379	337.27	-0.459	0.895	0.0	271.394	989.787	0.0	0.0
2017302	6.178	129.532	4.835	0.962	0.0	334.925	967.928	0.00031	0.0
2017303	10.084	183.992	-1.847	0.805	0.0	283.376	986.956	0.00011	0.0
2017304	0.907	176.224	-5.914	0.863	0.0	266.451	988.319	1e-05	0.0
2017305	3.269	265.131	-6.673	0.801	0.0	257.546	979.024	0.0	0.001875
2017306	4.259	204.781	-4.578	0.78	0.0	236.815	991.263	0.0	0.000625
2017307	2.551	168.017	-9.253	0.862	0.0	203.901	1003.509	0.0	0.0
2017308	4.405	286.734	-5.429	0.774	0.0	270.249	994.331	0.0	0.000625
2017309	8.989	146.301	-7.408	0.859	0.0	267.179	981.826	0.0	0.019375
2017310	4.058	72.686	-7.374	0.828	0.0	256.241	989.333	0.0	0.0221875
2017311	5.537	41.411	-12.536	0.796	0.0	203.037	994.569	0.0	0.0246875
2017312	6.464	153.296	-13.706	0.64	0.0	215.49	996.258	0.0	0.019375
2017313	4.104	115.385	-15.429	0.769	0.0	212.474	999.514	0.0	0.0196875
2017314	6.185	354.23	-15.218	0.776	0.0	203.967	1000.376	0.0	0.0228125
2017315	1.138	350.466	-7.275	0.883	0.0	278.861	986.62	0.0	0.0178125
2017316	2.34	3.304	-7.376	0.869	0.0	263.42	996.876	0.0	0.0175
2017317	3.828	318.101	-9.373	0.886	0.0	201.724	996.748	0.0	0.015625
2017318	5.078	357.007	-1.984	0.954	0.0	297.033	978.593	0.0	0.0165625
2017319	6.074	201.787	-6.503	0.777	0.0	267.527	992.856	0.0	0.018125
2017320	3.711	302.634	-13.507	0.786	0.0	206.231	996.029	0.0	0.0184375
2017321	4.945	82.526	-3.779	0.827	0.0	283.805	970.127	0.0	0.01625
2017322	3.535	108.874	-14.93	0.843	0.0	170.814	984.979	0.0	0.02125
2017323	2.223	75.099	-15.193	0.807	0.0	197.548	984.599	0.0	0.02125
2017324	4.841	302.195	-7.057	0.857	0.0	282.238	966.984	0.0	0.0221875
2017325	8.5	148.281	-12.176	0.787	0.0	233.064	990.29	0.0	0.0340625
2017326	2.799	4.067	-12.996	0.845	0.0	231.964	989.24	0.0	0.0284375
2017327	0.791	209.019	-13.788	0.792	0.0	252.236	984.122	0.0	0.0271875
2017328	1.124	93.874	-8.986	0.941	0.0	233.05	961.943	0.0	0.029375
2017329	2.332	90.953	-18.293	0.814	0.0	171.15	989.465	0.0	0.029479166666666664
2017330	7.03	148.065	-14.01	0.799	0.0	216.303	990.017	0.0	0.029583333333333333
2017331	6.442	320.845	-5.989	0.797	0.0	290.144	974.548	0.0	0.0296875
2017332	7.976	137.133	-10.202	0.698	0.0	201.286	973.176	0.0	0.0309375
2017333	7.53	358.881	-5.655	0.809	0.0	267.822	982.137	0.0	0.030625
2017334	5.664	142.269	-8.992	0.837	0.0	258.109	985.395	0.0	0.0378125
2017335	0.894	70.53	-11.997	0.942	0.0	200.037	983.637	0.0	0.0396875
2017336	3.059	329.484	-7.42	0.937	0.0	227.942	985.013	0.0	0.03625
2017337	2.666	114.362	-8.098	0.945	0.0	215.647	984.368	0.0	0.0365625
2017338	2.963	194.875	-5.529	0.928	0.0	266.514	979.724	0.0	0.03625
2017339	12.256	147.701	-12.625	0.786	0.0	251.87	978.342	0.0	0.035625
2017340	10.944	152.343	-14.168	0.787	0.0	242.809	993.884	0.0	0.0353125
2017341	3.672	108.382	-12.748	0.825	0.0	241.004	990.953	0.0	0.0390625
2017342	2.829	66.779	-12.754	0.835	0.0	260.423	983.459	0.0	0.04
2017343	1.592	8.578	-16.272	0.841	0.0	215.24	990.908	0.0	0.0375
2017344	1.795	224.401	-16.336	0.755	0.0	229.026	991.398	0.0	0.03625
2017345	7.457	160.28	-12.701	0.775	0.0	237.176	990.859	0.0	0.04375
2017346	3.635	335.092	-15.31	0.839	0.0	246.551	990.293	0.0	0.05125
2017347	3.743	199.86	-11.637	0.827	0.0	260.746	981.756	0.0	0.053125
2017348	5.85	153.475	-12.818	0.802	0.0	249.055	989.633	0.0	0.0603125
2017349	2.147	274.361	-22.26	0.75	0.0	157.483	984.94	0.0	0.0590625
2017350	3.732	305.191	-16.303	0.693	0.0	252.561	984.021	0.0	0.068125
2017351	2.902	34.943	-7.791	0.917	0.0	257.454	983.068	0.0	0.0709375
2017352	5.099	65.916	-3.149	0.896	0.0	290.302	965.762	0.0	0.0728125
2017353	8.435	135.13	-11.546	0.727	0.0	224.73	979.634	0.0	0.065
2017354	1.677	145.713	-22.293	0.771	0.0	154.117	996.277	0.0	0.06375
2017355	2.327	55.848	-18.957	0.795	0.0	215.415	996.436	0.0	0.0659375
2017356	6.644	143.558	-11.874	0.83	0.0	252.541	984.662	0.0	0.07375
2017357	2.205	354.877	-16.25	0.768	0.0	228.848	986.945	0.0	0.0759375
2017358	3.554	121.999	-23.863	0.652	0.0	175.489	993.216	0.0	0.076875
2017359	7.425	136.289	-25.945	0.619	0.0	191.7	994.608	0.0	0.0784375
2017360	6.112	136.682	-24.425	0.643	0.0	199.933	1002.483	0.0	0.079375
2017361	2.277	60.099	-25.946	0.747	0.0	183.902	1007.198	0.0	0.07875
2017362	3.037	285.723	-24.191	0.726	0.0	196.5	1002.599	0.0	0.0803125
2017363	3.814	151.746	-22.121	0.737	0.0	209.055	1001.039	0.0	0.080625
2017364	4.104	134.371	-30.196	0.636	0.0	158.514	1009.304	0.0	0.0803125
2017365	4.632	115.6	-26.588	0.73	0.0	187.895	1009.371	0.0	0.080625
2018001	3.48	95.505	-25.047	0.764	0.0	152.569	1009.55	0.0	0.080625
2018002	2.377	36.352	-18.143	0.768	0.0	233.45	985.868	0.0	0.080625
2018003	3.77	173.186	-23.305	0.691	0.0	192.165	1001.456	0.0	0.08
2018004	1.537	252.903	-30.683	0.81	0.0	138.692	1004.838	0.0	0.079375
2018005	1.34	283.501	-31.071	0.774	0.0	137.565	1009.416	0.0	0.07875
2018006	8.726	353.184	-19.174	0.723	0.0	225.272	992.798	0.0	0.080625
2018007	4.062	98.672	-8.384	0.897	0.0	257.989	973.792	0.0	0.076875
2018008	4.674	134.667	-14.381	0.768	0.0	174.75	983.167	0.0	0.0740625
2018009	3.414	335.851	-14.865	0.833	0.0	208.747	987.276	0.0	0.0734375
2018010	10.16	144.455	-9.139	0.861	0.0	271.063	970.069	0.0	0.0790625
2018011	7.472	154.128	-23.511	0.714	0.0	202.777	996.392	0.0	0.0796875
2018012	3.57	95.091	-26.908	0.747	0.0	134.679	1001.556	0.0	0.0803125
2018013	1.728	71.979	-28.095	0.734	0.0	138.662	1007.28	0.0	0.0803125
2018014	2.111	39.744	-17.677	0.806	0.0	234.398	989.138	0.0	0.0878125
2018015	5.703	180.281	-23.984	0.696	0.0	194.308	1016.033	0.0	0.08625
2018016	5.034	14.229	-19.957	0.697	0.0	237.755	1005.709	0.0	0.086875
2018017	1.683	359.36	-16.639	0.717	0.0	194.316	981.61	0.0	0.0853125
2018018	3.832	133.936	-14.644	0.831	0.0	224.429	979.295	0.0	0.08375
2018019	3.512	93.294	-4.142	0.956	0.0	266.913	964.14	0.0	0.08375
2018020	0.827	236.125	-10.074	0.881	0.0	256.792	980.195	0.0	0.0846875
2018021	2.024	164.606	-10.626	0.836	0.0	251.787	991.255	0.0	0.0840625
2018022	1.641	255.501	-10.606	0.851	0.0	249.954	994.109	0.0	0.088125
2018023	3.513	306.166	-10.778	0.817	0.0	264.661	990.782	0.0	0.0896875
2018024	4.429	142.629	-14.012	0.805	0.0	231.309	992.0	0.0	0.0959375
2018025	3.522	286.673	-16.534	0.827	0.0	191.324	992.277	0.0	0.0921875
2018026	3.622	274.58	-5.38	0.908	0.0	275.721	974.833	0.0	0.094375
2018027	5.543	188.475	-12.204	0.734	0.0	238.263	987.777	0.0	0.109375
2018028	2.615	144.694	-22.228	0.776	0.0	173.467	1008.69	0.0	0.105
2018029	2.179	114.59	-21.183	0.737	0.0	210.651	1009.776	0.0	0.105
2018030	7.202	323.1	-19.802	0.788	0.0	227.167	988.408	0.0	0.104375
2018031	9.447	140.327	-19.83	0.671	0.0	211.462	974.975	0.0	0.1234375
2018032	6.778	150.156	-23.101	0.716	0.0	203.636	998.195	0.0	0.125625
2018033	2.287	70.387	-21.817	0.737	0.0	210.134	998.513	0.0	0.1265625
2018034	3.044	140.483	-27.576	0.738	0.0	153.278	994.723	0.0	0.12875
2018035	4.597	54.706	-26.438	0.74	0.0	138.135	988.868	0.0	0.12875
2018036	3.914	122.284	-20.304	0.783	0.0	190.494	986.423	0.0	0.129375
2018037	2.407	3.799	-28.518	0.763	0.0	140.806	992.894	0.0	0.13
2018038	3.043	74.943	-24.589	0.784	0.0	149.877	995.161	0.0	0.129375
2018039	2.289	91.706	-23.512	0.798	0.0	188.456	999.397	0.0	0.13
2018040	4.183	55.596	-24.032	0.747	0.0	149.848	996.649	0.0	0.1296875
2018041	2.934	346.514	-23.111	0.809	0.0	171.996	988.729	0.0	0.130625
2018042	6.218	159.398	-16.884	0.788	0.0	233.272	984.32	0.0	0.1328125
2018043	3.408	63.214	-27.541	0.735	0.0	133.797	1006.665	0.0	0.131875
2018044	9.132	16.637	-17.347	0.781	0.0	222.578	983.344	0.0	0.13
2018045	2.632	325.858	-9.372	0.898	0.0	282.213	971.68	0.0	0.1240625
2018046	5.757	147.181	-24.586	0.737	0.0	135.557	991.74	0.0	0.13375
2018047	3.662	56.114	-20.471	0.812	0.0	156.34	985.393	0.0	0.1434375
2018048	3.848	112.839	-21.009	0.812	0.0	151.189	979.105	0.0	0.1428125
2018049	1.308	193.743	-26.526	0.801	0.0	155.91	987.083	0.0	0.1409375
2018050	0.827	107.457	-32.348	0.772	0.0	126.415	999.383	0.0	0.140625
2018051	2.084	330.54	-19.007	0.733	0.0	215.806	995.051	0.0	0.1409375
2018052	3.558	111.765	-20.044	0.81	0.0	179.963	996.052	0.0	0.1409375
2018053	4.282	358.659	-20.815	0.816	0.0	158.28	999.87	0.0	0.140625
2018054	1.479	124.989	-24.442	0.898	0.0	162.962	993.594	0.0	0.14
2018055	5.896	0.377	-17.167	0.825	0.0	172.467	982.938	0.0	0.1403125
2018056	1.286	359.411	-8.395	0.914	0.0	270.957	969.674	0.0	0.1453125
2018057	3.59	329.245	-13.034	0.875	0.0	212.188	976.512	0.0	0.146875
2018058	1.773	54.837	-12.428	0.909	0.0	223.952	984.92	0.0	0.148125
2018059	4.408	341.871	-12.328	0.854	0.0	193.616	981.356	0.0	0.1465625
2018060	1.153	113.529	-16.125	0.944	0.0	194.741	989.71	0.0	0.145625
2018061	2.509	141.481	-12.081	0.882	0.0	247.478	1001.138	0.0	0.14375
2018062	3.716	233.337	-12.255	0.912	0.0	192.207	1005.815	0.0	0.14375
2018063	5.35	270.256	-4.908	0.851	0.0	290.706	999.941	0.0	0.150625
2018064	5.854	284.008	-3.741	0.776	0.0	281.44	992.875	0.0	0.154375
2018065	3.026	238.986	-12.573	0.792	0.0	199.985	997.957	0.0	0.1628125
2018066	1.614	279.327	-18.182	0.822	0.0	183.527	994.43	0.0	0.1615625
2018067	0.97	341.5	-19.196	0.96	0.0	187.247	991.569	0.0	0.1590625
2018068	1.248	286.615	-9.811	0.883	0.0	265.159	988.79	0.0	0.1565625
2018069	3.46	299.059	-11.473	0.79	3.5	199.055	987.955	0.0	0.155625
2018070	2.436	76.228	-12.692	0.905	7.25	196.225	994.137	0.0	0.154375
2018071	3.576	142.697	-12.87	0.895	11.0	185.086	1002.137	0.0	0.1515625
2018072	4.155	0.233	-10.259	0.829	18.25	213.961	999.412	0.0	0.1496875
2018073	3.717	156.381	-9.398	0.936	17.0	208.245	990.152	0.0	0.148125
2018074	1.344	233.952	-19.109	0.797	22.5	178.911	995.749	0.0	0.148125
2018075	1.079	325.563	-15.041	0.712	27.75	201.361	994.876	0.0	0.146875
2018076	3.259	44.693	-10.069	0.731	31.5	213.91	986.298	0.0	0.1459375
2018077	3.53	229.765	-7.284	0.897	31.0	234.114	988.701	0.0	0.1409375
2018078	3.072	236.464	-15.213	0.744	41.25	178.393	998.286	0.0	0.133125
2018079	2.447	281.808	-7.033	0.797	29.75	263.642	991.344	0.0	0.134375
2018080	2.199	313.219	-4.046	0.872	27.25	286.912	990.804	0.0	0.1309375
2018081	0.914	76.317	-3.523	0.91	27.25	292.454	1000.56	0.0	0.126875
2018082	4.029	265.582	-9.619	0.815	56.5	210.893	1004.619	0.0	0.119375
2018083	6.209	337.829	-4.345	0.79	30.25	280.19	996.957	0.0	0.114375
2018084	9.66	2.115	-2.233	0.85	32.0	293.319	985.632	0.0	0.1121875
2018085	3.036	148.421	-2.469	0.947	52.5	300.648	992.38	0.0	0.109375
2018086	2.998	27.319	-7.766	0.935	83.5	206.956	981.622	0.0	0.098125
2018087	7.555	171.311	-6.783	0.819	68.0	263.894	975.983	0.0	0.111875
2018088	3.75	128.058	-16.393	0.821	94.75	172.127	990.454	0.0	0.1125
2018089	2.37	85.282	-21.785	0.721	106.0	150.282	996.612	0.0	0.11375
2018090	3.737	125.837	-20.125	0.738	112.25	149.992	993.945	0.0	0.1134375
2018091	4.111	94.509	-10.863	0.784	96.5	229.848	984.507	0.0	0.11375
2018092	1.382	161.755	-25.269	0.677	127.5	135.968	992.762	0.0	0.11375
2018093	0.786	47.656	-25.619	0.762	132.5	145.852	995.423	0.0	0.1153125
2018094	2.832	353.314	-13.948	0.772	77.75	243.529	989.523	0.0	0.114375
2018095	2.518	130.513	-17.284	0.79	137.75	170.785	989.592	0.0	0.114375
2018096	7.573	135.029	-11.683	0.784	127.25	253.413	992.774	0.0	0.115
2018097	3.083	127.197	-20.083	0.768	155.25	156.199	995.785	0.0	0.115
2018098	1.175	186.531	-19.465	0.768	161.75	162.221	992.883	0.0	0.1125
2018099	1.13	45.999	-17.77	0.804	165.0	171.602	995.98	0.0	0.11125
2018100	2.396	19.361	-6.128	0.851	102.25	260.72	987.034	0.0	0.10875
2018101	1.498	200.2	-13.436	0.789	165.75	181.653	986.749	0.0	0.091875
2018102	1.892	181.35	-9.294	0.68	158.75	228.44	985.101	0.0	0.0853125
2018103	2.023	154.238	-15.072	0.672	190.25	173.729	997.039	0.0	0.0828125
2018104	2.753	284.717	-12.524	0.67	196.0	178.526	1008.105	0.0	0.078125
2018105	3.603	306.996	-9.355	0.654	203.0	183.954	1006.102	0.0	0.0671875
2018106	1.231	249.72	-10.3	0.681	208.0	191.953	999.339	0.0	0.0525
2018107	2.446	251.275	-7.357	0.566	215.5	194.579	993.843	0.0	0.041875
2018108	2.368	292.925	-5.643	0.578	208.25	207.176	996.281	0.0	0.0275
2018109	2.881	120.355	1.435	0.591	170.25	263.232	1000.98	0.0	0.015625
2018110	1.163	233.521	-2.831	0.788	226.5	221.892	1002.533	0.0	0.0090625
2018111	3.535	337.428	1.638	0.741	219.5	248.406	997.116	0.0	0.0059375
2018112	6.191	358.626	5.586	0.689	191.0	294.403	987.959	0.0	0.0025
2018113	3.946	102.422	4.103	0.787	195.75	274.42	991.213	0.0	0.0009375
2018114	3.378	139.296	-7.219	0.769	244.5	204.687	1002.925	0.0	0.0009375
2018115	4.784	6.012	3.476	0.651	231.25	257.269	985.377	0.0	0.0009375
2018116	2.591	156.609	-1.135	0.838	254.75	217.738	990.715	0.0	0.000625
2018117	4.491	148.272	1.306	0.957	163.25	317.753	988.667	0.0	0.0003125
2018118	2.661	355.366	-0.313	0.813	257.5	229.524	994.936	0.0	0.00125
2018119	6.166	355.043	4.573	0.701	258.0	255.041	981.933	0.0	0.001875
2018120	5.241	186.363	6.26	1.0	40.75	349.651	975.715	0.0	0.001875
2018121	3.974	217.644	0.354	0.766	143.0	289.281	983.12	0.0	0.001875
2018122	2.885	343.035	3.238	0.835	229.75	262.379	984.242	0.0	0.001875
2018123	1.69	341.472	6.443	0.776	275.75	255.639	981.712	0.0	0.001875
2018124	3.859	122.465	7.459	0.782	280.75	256.06	983.371	0.0	0.001875
2018125	2.42	147.666	6.76	0.756	224.25	274.348	989.917	0.0	0.001875
2018126	3.466	340.974	7.668	0.629	281.0	263.944	993.085	0.0	0.001875
2018127	2.648	45.055	11.598	0.557	279.25	291.472	984.596	0.0	0.001875
2018128	5.093	265.504	5.233	0.527	267.5	241.169	997.092	0.0	0.001875
2018129	3.112	23.794	9.842	0.863	153.75	335.166	979.661	0.0	0.001875
2018130	4.901	189.472	0.172	0.52	316.5	207.146	994.813	0.0	0.001875
2018131	2.166	334.961	3.451	0.444	181.75	295.442	993.426	0.0	0.001875
2018132	3.723	23.297	7.595	0.51	308.25	255.947	992.558	0.0	0.001875
2018133	4.573	48.129	11.454	0.592	231.25	314.192	979.034	0.0	0.001875
2018134	2.358	185.45	7.624	0.757	316.0	259.639	988.312	0.0	0.001875
2018135	4.964	336.469	7.815	0.574	161.25	319.752	986.119	0.0	0.001875
2018136	3.294	206.565	4.033	0.801	311.0	254.576	989.089	0.0	0.0
2018137	1.895	271.6	7.214	0.615	140.5	317.785	997.203	0.0	0.0
2018138	2.098	223.437	7.137	0.711	117.75	320.35	995.472	0.0	0.0
2018139	2.314	123.534	6.576	0.801	335.5	248.328	997.037	0.0	0.0
2018140	3.522	64.32	10.123	0.595	324.5	280.927	993.251	0.0	0.0
2018141	2.736	337.659	10.968	0.694	332.5	284.376	989.268	0.0	0.0
2018142	2.019	331.021	10.719	0.748	271.5	311.011	985.331	0.0	0.0
2018143	1.606	331.308	12.192	0.772	326.0	318.257	989.718	0.0	0.0
2018144	3.0	316.621	13.405	0.993	266.0	362.046	984.709	3e-05	0.0
2018145	2.021	75.94	12.382	1.0	167.75	375.639	974.543	0.0	0.0
2018146	1.358	180.064	12.091	0.997	188.75	370.524	976.284	6e-05	0.0
2018147	1.093	296.824	10.901	0.952	186.0	355.596	981.611	0.0	0.0
2018148	1.885	167.108	10.76	0.823	345.75	286.857	991.241	0.0	0.0
2018149	1.151	279.507	11.608	0.799	196.75	354.275	983.722	0.0	0.0
2018150	3.346	206.557	12.842	1.0	46.75	390.078	977.228	0.0031	0.0
2018151	3.194	210.853	10.606	0.909	166.75	364.241	981.527	1e-05	0.0
2018152	5.558	277.103	9.76	0.725	246.25	311.955	993.281	0.0	0.0
2018153	7.637	317.804	12.198	0.736	69.0	362.151	982.971	0.00015	0.0
2018154	9.161	136.17	9.606	0.917	53.5	351.494	982.995	0.00018	0.0
2018155	3.098	193.746	9.286	0.789	358.25	266.89	988.518	0.0	0.0
2018156	4.612	329.228	11.288	0.788	262.0	300.018	985.246	0.0	0.0
2018157	6.726	148.527	12.737	0.881	144.0	368.152	983.964	3e-05	0.0
2018158	4.677	300.551	13.226	0.8	122.25	366.241	988.469	0.0	0.0
2018159	1.391	285.865	15.753	0.849	205.25	354.562	990.865	0.0	0.0
2018160	1.829	272.341	16.1	0.995	184.75	394.37	986.007	3e-05	0.0
2018161	3.898	316.724	17.779	0.883	249.25	373.415	983.606	0.0	0.0
2018162	6.256	329.976	17.241	0.735	282.0	347.833	979.183	0.0	0.0
2018163	3.395	17.147	14.21	0.749	338.75	288.776	981.929	2e-05	0.0
2018164	2.97	62.494	14.18	0.778	357.0	295.562	982.657	0.0	0.0
2018165	3.961	339.345	14.942	0.823	280.0	334.312	981.831	0.0	0.0
2018166	3.616	336.739	16.879	0.947	92.75	401.796	973.617	0.0	0.0
2018167	2.615	130.281	15.703	0.843	335.25	309.033	984.022	0.0	0.0
2018168	1.586	127.142	14.942	0.815	352.0	307.968	986.46	0.0	0.0
2018169	1.487	125.831	15.432	0.735	356.0	304.107	992.03	0.0	0.0
2018170	1.054	5.894	17.11	0.743	306.5	322.807	991.031	0.0	0.0
2018171	0.935	110.218	17.007	0.747	345.25	333.217	987.987	0.0	0.0
2018172	2.078	14.541	19.26	0.692	340.5	347.78	984.69	1e-05	0.0
2018173	1.064	355.95	19.763	0.701	212.75	385.856	981.938	0.0	0.0
2018174	0.857	269.551	17.465	0.933	333.75	357.205	979.708	0.0	0.0
2018175	3.527	278.042	15.03	0.762	240.0	347.848	990.554	0.0	0.0
2018176	3.548	336.468	16.913	0.765	341.75	331.09	990.624	0.0	0.0
2018177	3.356	333.838	17.902	0.834	335.0	353.58	983.922	1e-05	0.0
2018178	0.826	157.825	15.425	0.956	277.25	324.081	978.435	0.0	0.0
2018179	2.513	346.228	16.517	0.692	347.25	310.204	978.754	0.0	0.0
2018180	3.389	241.645	17.262	0.729	131.0	361.19	977.187	0.0	0.0
2018181	2.571	227.892	16.757	0.847	127.5	376.277	981.557	0.0	0.0
2018182	1.627	338.59	14.401	0.916	340.0	310.759	980.066	2e-05	0.0
2018183	4.316	90.156	16.1	0.856	216.25	357.064	975.461	1e-05	0.0
2018184	2.466	245.882	15.744	0.899	337.5	311.849	988.661	0.0	0.0
2018185	1.509	195.265	16.962	0.871	53.5	395.716	986.574	0.00054	0.0
2018186	5.265	108.165	15.654	0.769	336.25	304.803	997.834	0.0	0.0
2018187	2.897	344.0	17.531	0.779	336.5	312.825	1000.243	0.0	0.0
2018188	7.073	0.589	21.039	0.754	326.0	352.842	981.486	0.0	0.0
2018189	3.475	104.373	19.453	0.724	132.5	350.881	984.401	0.0	0.0
2018190	3.518	98.949	17.187	0.694	335.0	299.926	992.793	0.0	0.0
2018191	1.934	327.181	18.179	0.711	324.0	320.297	994.442	0.0	0.0
2018192	6.029	316.19	20.523	0.706	74.5	397.334	981.684	1e-05	0.0
2018193	4.272	66.47	19.404	0.803	310.0	348.09	978.575	0.0	0.0
2018194	1.975	69.436	19.41	0.776	314.5	338.548	986.172	0.0	0.0
2018195	1.41	253.915	18.695	0.901	301.75	356.761	984.85	0.00095	0.0
2018196	5.315	79.084	15.944	0.734	320.75	297.485	985.105	0.0	0.0
2018197	8.033	152.444	14.155	0.887	83.25	371.683	987.347	0.00019	0.0
2018198	1.936	23.163	14.977	0.764	317.0	289.191	993.718	0.0	0.0
2018199	3.341	357.787	19.069	0.697	300.0	343.334	986.445	0.0	0.0
2018200	2.3	351.944	19.988	0.828	220.5	378.874	979.333	0.0	0.0
2018201	3.138	189.079	17.714	0.822	300.75	321.897	987.904	0.0	0.0
2018202	1.32	296.55	17.202	0.787	298.75	318.654	994.88	0.0	0.0
2018203	4.137	328.094	19.16	0.731	208.0	361.035	991.319	0.0	0.0
2018204	3.8	61.739	16.349	0.849	291.25	320.598	986.471	0.0	0.0
2018205	4.804	79.952	16.937	0.789	185.5	370.816	986.07	0.0	0.0
2018206	6.458	124.151	14.643	0.88	62.25	377.373	986.563	6e-05	0.0
2018207	3.6	164.443	15.613	0.818	268.5	306.431	991.478	0.0	0.0
2018208	1.865	142.579	16.656	0.888	272.5	323.301	992.798	0.0	0.0
2018209	0.85	72.002	17.195	0.879	270.0	327.639	992.534	0.0	0.0
2018210	1.146	31.987	17.553	0.806	274.0	325.914	991.142	0.0	0.0
2018211	0.763	90.992	18.739	0.734	237.5	347.116	988.758	0.0	0.0
2018212	3.569	183.242	17.365	0.944	213.75	354.11	983.065	0.0	0.0
2018213	2.634	253.457	10.634	0.777	277.5	267.067	994.636	0.0	0.0
2018214	4.327	18.633	14.936	0.646	262.5	294.98	986.098	0.0	0.0
2018215	4.687	340.893	17.473	0.753	240.5	337.656	981.487	0.0	0.0
2018216	1.669	52.62	17.781	0.976	251.75	333.367	976.532	0.0	0.0
2018217	3.598	109.668	17.24	0.94	155.5	384.262	978.924	0.0	0.0
2018218	1.822	8.073	14.008	0.794	257.0	289.953	991.398	2e-05	0.0
2018219	3.931	10.966	17.221	0.869	222.0	334.636	982.699	0.0	0.0
2018220	3.607	138.702	17.995	0.909	240.75	332.221	980.858	0.0	0.0
2018221	0.978	15.479	18.484	0.841	235.5	340.763	987.532	0.0	0.0
2018222	3.81	44.979	21.211	0.659	221.0	356.967	985.266	0.0	0.0
2018223	3.627	343.777	20.36	0.808	230.75	350.306	985.468	0.0	0.0
2018224	3.604	232.229	20.647	0.745	221.75	359.714	985.198	0.0	0.0
2018225	5.368	194.072	17.301	0.944	74.0	383.115	979.65	0.0	0.0
2018226	3.738	194.868	12.204	0.828	38.75	358.702	990.189	0.0	0.0
2018227	5.906	1.989	15.836	0.816	218.0	314.958	984.682	0.0	0.0
2018228	3.557	160.634	18.245	0.876	198.25	348.146	985.853	0.0	0.0
2018229	1.547	287.469	15.351	0.852	213.0	310.003	994.139	0.0	0.0
2018230	5.095	0.665	19.247	0.757	204.25	346.056	983.373	0.0	0.0
2018231	6.435	155.472	16.555	0.748	208.5	305.969	988.205	0.0	0.0
2018232	2.503	176.614	15.29	0.841	204.0	301.696	995.396	0.0	0.0
2018233	4.097	87.317	15.83	0.721	200.0	301.761	993.639	0.0	0.0
2018234	4.262	70.102	16.531	0.638	195.0	308.405	987.183	0.0	0.0
2018235	1.879	177.817	17.514	0.775	190.5	320.23	979.133	0.0	0.0
2018236	4.147	232.969	14.513	0.635	184.5	316.707	981.11	0.0	0.0
2018237	3.941	15.059	19.018	0.896	150.0	360.717	978.995	0.0	0.0
2018238	3.586	110.875	13.575	0.686	183.0	286.458	986.294	0.0	0.0
2018239	3.626	227.665	12.123	0.859	117.75	322.824	982.652	0.0	0.0
2018240	1.8	315.338	10.342	0.857	64.75	335.424	987.571	0.00028	0.0
2018241	3.892	87.134	12.868	0.861	171.75	286.534	986.883	0.0	0.0
2018242	7.154	2.154	16.975	0.721	138.25	323.937	981.56	0.0	0.0
2018243	4.738	50.88	16.168	0.801	162.0	308.369	977.725	0.0	0.0
2018244	3.418	84.318	12.746	0.777	159.5	288.559	982.26	1e-05	0.0
2018245	5.259	106.336	13.592	0.804	155.0	293.78	982.062	0.0	0.0
2018246	1.412	340.128	12.858	0.7	150.0	292.27	991.043	0.0	0.0
2018247	4.838	60.944	15.386	0.878	131.75	316.927	981.203	0.0	0.0
2018248	5.904	118.639	9.584	0.704	139.75	266.723	996.765	0.0	0.0
2018249	3.582	97.51	12.318	0.677	116.25	295.733	999.19	0.0	0.0
2018250	4.324	260.249	6.395	0.788	139.75	249.782	1004.307	0.0	0.0
2018251	5.115	308.152	12.43	0.664	65.0	352.823	994.652	0.0	0.0
2018252	7.36	358.376	14.435	0.831	62.5	357.426	980.085	0.0	0.0
2018253	3.974	73.846	13.497	0.842	122.0	301.552	981.471	0.0	0.0
2018254	2.111	240.084	11.46	0.96	11.25	362.625	981.001	0.00741	0.0
2018255	2.232	200.839	7.997	0.837	116.75	264.615	990.968	0.0	0.0
2018256	2.152	197.474	11.738	0.958	71.5	335.155	983.047	5e-05	0.0
2018257	2.244	88.416	11.457	0.94	96.25	307.704	991.556	0.0	0.0
2018258	3.924	206.04	8.46	0.918	103.25	275.481	999.245	0.0	0.0
2018259	7.034	234.326	10.235	0.944	13.75	361.222	988.049	0.0002	0.0
2018260	4.802	229.931	4.551	0.863	79.0	272.541	992.834	1e-05	0.0
2018261	2.809	55.153	8.484	0.938	64.5	304.722	990.029	4e-05	0.0
2018262	5.209	124.386	7.798	0.819	73.5	306.384	993.201	0.0001	0.0
2018263	3.892	331.766	7.346	0.846	87.25	259.214	995.505	0.0	0.0
2018264	5.744	179.155	5.922	0.857	57.0	292.592	990.968	0.0	0.0
2018265	4.42	226.749	2.707	0.872	49.5	279.791	996.303	0.0	0.0
2018266	5.09	272.277	0.682	0.733	67.0	248.693	999.286	0.0	0.0
2018267	2.208	250.687	4.738	0.957	13.0	332.162	983.003	4e-05	0.0
2018268	3.348	160.988	7.177	0.932	11.25	343.125	984.622	0.00035	0.0
2018269	1.947	143.988	6.226	0.911	15.0	336.33	984.349	0.00077	0.0
2018270	5.282	200.898	5.074	0.949	39.0	300.588	981.869	3e-05	0.0
2018271	6.082	175.443	2.032	0.874	25.25	300.168	991.118	1e-05	0.0
2018272	4.926	40.131	2.377	0.778	53.75	227.913	992.252	0.0	0.0
2018273	5.916	152.846	3.117	0.873	8.25	311.951	995.596	0.00081	0.0
2018274	4.481	31.143	3.346	0.624	26.5	282.607	998.404	0.0	0.0
2018275	3.616	116.568	3.296	0.898	15.0	320.807	987.945	1e-05	0.0
2018276	4.177	201.245	1.33	0.941	21.0	303.637	977.877	3e-05	0.0
2018277	6.859	120.146	0.52	0.795	33.5	229.243	994.733	0.0	0.0
2018278	4.063	303.673	1.444	0.699	20.25	285.811	992.793	0.0	0.0
2018279	1.07	286.194	-0.656	0.931	6.0	306.601	993.599	4e-05	0.0
2018280	3.039	14.132	1.683	0.891	26.25	237.171	1000.669	0.0	0.0
2018281	1.386	302.223	3.912	0.902	14.5	293.585	996.951	7e-05	0.0
2018282	4.369	193.8	0.617	0.845	18.75	240.613	999.398	0.0	0.0
2018283	4.997	220.201	-1.274	0.876	12.25	256.379	1000.184	0.0	0.0
2018284	5.809	187.465	-1.639	0.751	12.25	249.875	989.417	0.0	0.0
2018285	4.184	70.109	-0.3	0.787	12.75	214.917	983.985	0.0	0.0
2018286	1.41	82.09	2.206	0.993	2.75	322.117	971.433	0.00055	0.0
2018287	6.495	216.079	0.085	0.893	3.5	299.986	988.576	0.00034	0.0
2018288	5.343	35.167	-2.965	0.841	5.0	213.069	987.015	0.0	0.0
2018289	6.842	179.294	-0.718	0.826	1.5	289.365	986.145	7e-05	0.0
2018290	2.741	203.61	-6.154	0.747	0.0	195.463	999.864	0.0	0.0
2018291	4.778	51.233	4.861	0.805	0.0	252.819	982.476	0.0	0.0
2018292	9.201	145.481	5.553	0.844	0.0	326.505	980.397	0.0	0.0
2018293	7.747	184.254	-2.697	0.716	0.0	203.347	997.61	0.0	0.0
2018294	4.107	74.092	1.137	0.798	0.0	230.92	983.534	0.0	0.0
2018295	8.308	162.807	3.472	0.888	0.0	318.498	988.424	0.00015	0.0
2018296	1.881	264.701	-0.491	0.736	0.0	293.684	1002.672	0.0	0.0
2018297	6.47	10.199	2.971	0.809	0.0	237.285	994.401	0.0	0.0
2018298	3.21	270.866	2.293	0.85	0.0	259.206	986.639	0.0	0.0
2018299	4.257	280.628	4.331	0.949	0.0	333.999	983.355	9e-05	0.0
2018300	2.162	359.683	6.098	0.988	0.0	342.83	977.093	0.00018	0.0
2018301	5.36	138.271	3.945	0.911	0.0	324.332	982.591	4e-05	0.0
2018302	2.068	329.247	2.471	0.897	0.0	311.902	988.416	2e-05	0.0
2018303	3.883	75.308	4.589	0.937	0.0	329.312	977.732	3e-05	0.0
2018304	6.778	160.499	1.768	0.905	0.0	311.277	980.111	0.00014	0.0
2018305	2.047	332.072	-5.097	0.948	0.0	258.047	986.395	2e-05	0.0
2018306	2.536	168.804	-3.075	0.931	0.0	269.621	989.208	0.0	0.0002
2018307	2.755	202.872	-5.051	0.898	0.0	223.817	994.835	0.0	0.0002
2018308	4.901	348.956	-1.787	0.907	0.0	269.12	991.11	0.0	0.0002
2018309	3.29	292.077	-3.965	0.941	0.0	232.553	979.346	0.0	0.0002
2018310	4.135	177.146	-0.906	0.927	0.0	301.254	979.551	0.0	0.002
2018311	6.614	158.518	-8.115	0.687	0.0	253.078	994.718	0.0	0.004
2018312	3.822	140.678	-7.633	0.764	0.0	257.217	998.012	0.0	0.006500000000000001
2018313	3.331	182.192	-12.951	0.783	0.0	174.226	1005.316	0.0	0.006500000000000001
2018314	5.809	356.757	-11.536	0.728	0.0	215.151	992.393	0.0	0.006500000000000001
2018315	5.296	143.488	-8.381	0.838	0.0	267.668	990.573	0.0	0.018000000000000002
2018316	5.755	134.059	-12.041	0.709	0.0	209.482	1004.442	0.0	0.0245
2018317	1.339	56.681	-14.266	0.757	0.0	204.702	1000.559	0.0	0.0245
2018318	4.731	321.595	-10.952	0.775	0.0	225.835	992.59	0.0	0.0245
2018319	3.507	157.88	-5.643	0.935	0.0	282.179	981.543	0.0	0.0247
2018320	3.518	180.807	-10.085	0.792	0.0	221.834	992.438	0.0	0.0252
2018321	4.02	77.918	-17.222	0.784	0.0	160.373	1002.417	0.0	0.0252
2018322	2.628	154.352	-15.923	0.775	0.0	169.005	991.308	0.0	0.0252
2018323	2.586	157.292	-19.222	0.798	0.0	156.401	1000.667	0.0	0.0252
2018324	1.243	7.215	-13.375	0.785	0.0	235.68	985.053	0.0	0.0268
2018325	2.803	283.489	-20.43	0.716	0.0	178.63	1002.392	0.0	0.0268
2018326	7.846	347.029	-7.711	0.785	0.0	261.572	985.434	0.0	0.0268
2018327	2.992	350.83	-3.432	0.952	0.0	288.667	968.18	0.0	0.0268
2018328	5.365	157.813	-8.371	0.807	0.0	245.906	978.796	0.0	0.0273
2018329	5.337	154.454	-13.862	0.777	0.0	199.339	996.631	0.0	0.0281
2018330	5.151	156.222	-14.45	0.784	0.0	233.887	998.115	0.0	0.0289
2018331	3.003	151.344	-14.162	0.816	0.0	233.573	993.092	0.0	0.0289
2018332	4.196	311.685	-9.852	0.81	0.0	260.895	985.039	0.0	0.0299
2018333	2.689	283.851	-5.459	0.886	0.0	281.648	979.718	0.0	0.0355
2018334	2.414	120.812	-6.073	0.905	0.0	278.873	982.94	0.0	0.035699999999999996
2018335	1.882	283.668	-9.482	0.911	0.0	209.82	991.539	0.0	0.035699999999999996
2018336	2.565	214.238	-7.132	0.904	0.0	254.89	994.354	0.0	0.035699999999999996
2018337	1.741	53.766	-8.76	0.761	0.0	266.482	997.359	0.0	0.036199999999999996
2018338	3.078	25.724	-5.891	0.842	0.0	268.931	986.511	0.0	0.036599999999999994
2018339	4.51	145.214	-9.055	0.853	0.0	243.858	985.207	0.0	0.037099999999999994
2018340	3.127	82.314	-18.75	0.755	0.0	176.116	999.028	0.0	0.037099999999999994
2018341	2.972	45.849	-13.658	0.816	0.0	246.523	994.578	0.0	0.03869999999999999
2018342	4.746	11.8	-13.839	0.823	0.0	206.925	993.289	0.0	0.03869999999999999
2018343	1.436	2.96	-13.495	0.866	0.0	217.49	993.568	0.0	0.03869999999999999
2018344	3.551	126.893	-13.045	0.871	0.0	199.086	986.939	0.0	0.03869999999999999
2018345	4.88	335.372	-9.148	0.883	0.0	267.273	984.752	0.0	0.03869999999999999
2018346	4.36	340.386	-8.33	0.906	0.0	243.124	975.235	0.0	0.03919999999999999
2018347	3.071	75.409	-4.49	0.93	0.0	252.131	979.839	0.0	0.03919999999999999
2018348	4.332	91.109	-5.133	0.907	0.0	214.092	982.516	0.0	0.03919999999999999
2018349	6.278	358.743	-4.198	0.875	0.0	226.451	978.645	0.0	0.03919999999999999
2018350	7.253	145.183	-2.552	0.879	0.0	291.282	982.894	0.0	0.044599999999999994
2018351	0.737	91.05	-14.695	0.819	0.0	235.429	997.572	0.0	0.044599999999999994
2018352	4.584	3.536	-6.509	0.901	0.0	227.487	978.412	0.0	0.044599999999999994
2018353	1.531	344.533	-3.945	0.978	0.0	270.541	968.114	0.0	0.044599999999999994
2018354	2.891	197.985	-11.125	0.693	0.0	251.174	989.727	0.0	0.045099999999999994
2018355	4.381	321.689	-12.871	0.839	0.0	221.26	985.439	0.0	0.045099999999999994
2018356	4.499	301.183	-8.839	0.83	0.0	272.945	979.066	0.0	0.060599999999999994
2018357	2.822	167.21	-10.044	0.863	0.0	262.266	987.69	0.0	0.062099999999999995
2018358	0.945	81.531	-13.247	0.849	0.0	221.792	992.98	0.0	0.0629
2018359	2.55	160.51	-16.783	0.802	0.0	197.242	1000.204	0.0	0.06369999999999999
2018360	3.347	22.087	-15.999	0.719	0.0	225.66	1004.308	0.0	0.0653
2018361	2.584	192.798	-14.603	0.834	0.0	224.969	995.141	0.0	0.06609999999999999
2018362	3.022	167.898	-22.594	0.754	0.0	152.587	999.476	0.0	0.06609999999999999
2018363	3.336	348.634	-16.251	0.823	0.0	244.287	988.164	0.0	0.0677
2018364	3.734	223.021	-15.752	0.811	0.0	223.875	979.307	0.0	0.0677
